#{"t_start": 1755526253.5834227, "env_id": "None"}
r,l,t--98.519051,200,44.656709
-98.519051,200,44.942664
-98.519051,200,45.192286
-98.519051,200,45.4712
-98.519051,200,45.744182
-98.139264,200,82.942209
-98.139264,200,83.196423
-98.139264,200,83.457784
-98.139264,200,83.720584
-98.139264,200,83.985655
-87.292346,200,119.830969
-87.292346,200,120.100693
-87.292346,200,120.342531
-87.292346,200,120.581434
-87.292346,200,120.869762
-88.84668,200,157.53494
-88.84668,200,157.809915
-88.84668,200,158.074222
-88.84668,200,158.332208
-88.84668,200,158.590631
-97.027754,200,194.502643
-97.027754,200,194.795469
-97.027754,200,195.071164
-97.027754,200,195.381339
-97.027754,200,195.797383
-55.633601,200,232.109302
-55.633601,200,232.379922
-55.633601,200,232.647061
-55.633601,200,232.948043
-55.633601,200,233.224717
-93.282539,200,268.106622
-93.282539,200,268.371666
-93.282539,200,268.656528
-93.282539,200,268.94877
-93.282539,200,269.224951
-101.510916,200,314.918909
-101.510916,200,315.254195
-101.510916,200,315.613812
-101.510916,200,315.966787
-101.510916,200,316.293375
-99.638672,200,356.244268
-99.638672,200,356.549453
-99.638672,200,356.884663
-99.638672,200,357.227845
-99.638672,200,357.553789
-86.07714,200,400.873141
-86.07714,200,401.229375
-86.07714,200,401.571042
-86.07714,200,402.049364
-86.07714,200,402.430261
-90.812859,200,446.750604
-90.812859,200,447.078885
-90.812859,200,447.408062
-90.812859,200,447.745688
-90.812859,200,448.104028
-86.802246,200,493.41449
-86.802246,200,493.760591
-86.802246,200,494.125559
-86.802246,200,494.457909
-86.802246,200,494.792414
-86.959978,200,544.320964
-86.959978,200,544.730027
-86.959978,200,545.168285
-86.959978,200,545.570215
-86.959978,200,545.955246
-89.083099,200,594.135896
-89.083099,200,594.445918
-89.083099,200,594.765953
-89.083099,200,595.0989
-89.083099,200,595.443109
-87.044721,200,640.642375
-87.044721,200,640.982924
-87.044721,200,641.333789
-87.044721,200,641.79425
-87.044721,200,642.18115
-85.927441,200,687.581441
-85.927441,200,687.91882
-85.927441,200,688.257704
-85.927441,200,688.586483
-85.927441,200,688.954887
-92.852772,200,733.78902
-92.852772,200,734.122188
-92.852772,200,734.445281
-92.852772,200,734.744023
-92.852772,200,735.076909
-107.836093,200,776.110296
-107.836093,200,776.463326
-107.836093,200,776.788578
-107.836093,200,777.104945
-107.836093,200,777.438605
-112.935461,200,822.255503
-112.935461,200,822.594179
-112.935461,200,822.924611
-112.935461,200,823.242131
-112.935461,200,823.578358
-49.048158,200,868.752053
-49.048158,200,869.082002
-49.048158,200,869.426505
-49.048158,200,869.864161
-49.048158,200,870.221369
-101.764366,200,915.145547
-101.764366,200,915.464781
-101.764366,200,915.788324
-101.764366,200,916.135435
-101.764366,200,916.481158
65.101399,200,962.843939
65.101399,200,963.2118
65.101399,200,963.594329
65.101399,200,963.970042
65.101399,200,964.316767
-85.684201,200,1011.124941
-85.684201,200,1011.487914
-85.684201,200,1011.847224
-85.684201,200,1012.20357
-85.684201,200,1012.58726
0.489089,200,1059.415988
0.489089,200,1059.775786
0.489089,200,1060.155687
0.489089,200,1060.515773
0.489089,200,1060.858806
221.51883,200,1106.770707
221.51883,200,1107.120809
221.51883,200,1107.473804
221.51883,200,1107.938553
221.51883,200,1108.348044
176.741284,200,1149.24007
176.741284,200,1150.697445
176.741284,200,1151.700536
176.741284,200,1152.072876
176.741284,200,1152.38097
218.019334,200,1630.883517
218.019334,200,1631.114817
218.019334,200,1631.33825
218.019334,200,1631.546929
218.019334,200,1631.748873
106.078759,200,1663.937577
106.078759,200,1664.203035
106.078759,200,1664.412427
106.078759,200,1664.576933
106.078759,200,1664.759755
156.799233,200,1702.052063
156.799233,200,1702.326578
156.799233,200,1702.587529
156.799233,200,1702.858899
156.799233,200,1703.174943
171.584497,200,1752.676189
171.584497,200,1753.013041
171.584497,200,1753.325137
171.584497,200,1753.698752
171.584497,200,1754.13005
38.762466,200,1795.765817
38.762466,200,1796.083849
38.762466,200,1796.374002
38.762466,200,1796.653385
38.762466,200,1796.930875
223.633089,200,1837.486866
223.633089,200,1837.829208
223.633089,200,1838.146321
223.633089,200,1838.425281
223.633089,200,1838.750826
22.777364,200,1879.521726
22.777364,200,1879.803816
22.777364,200,1880.116539
22.777364,200,1880.386951
22.777364,200,1880.656311
224.178888,200,1918.54422
224.178888,200,1918.852561
224.178888,200,1919.153075
224.178888,200,1919.448586
224.178888,200,1919.728554
224.146561,200,1957.213118
224.146561,200,1957.467765
224.146561,200,1957.707969
224.146561,200,1958.238364
224.146561,200,1958.722174
223.799273,200,1998.133116
223.799273,200,1998.388163
223.799273,200,1998.650196
223.799273,200,1998.906018
223.799273,200,1999.200039
219.362365,200,2038.859113
219.362365,200,2039.183392
219.362365,200,2039.493597
219.362365,200,2039.775421
219.362365,200,2040.029378
211.034143,200,2080.983002
211.034143,200,2081.342377
211.034143,200,2081.680419
211.034143,200,2081.993125
211.034143,200,2082.33105
210.79842,200,2128.596801
210.79842,200,2128.977642
210.79842,200,2129.405236
210.79842,200,2129.62365
210.79842,200,2129.843311
222.684001,200,2168.488658
222.684001,200,2168.837715
222.684001,200,2169.165774
222.684001,200,2169.481807
222.684001,200,2169.772981
222.58601,200,2212.75618
222.58601,200,2213.083026
222.58601,200,2213.424711
222.58601,200,2213.756992
222.58601,200,2214.067952
217.325482,200,2258.87735
217.325482,200,2259.188171
217.325482,200,2259.483196
217.325482,200,2259.778786
217.325482,200,2260.104226
221.384657,200,2297.826591
221.384657,200,2298.13029
221.384657,200,2298.459123
221.384657,200,2298.799134
221.384657,200,2299.152356
221.392707,200,2343.072039
221.392707,200,2343.387265
221.392707,200,2343.710861
221.392707,200,2343.987937
221.392707,200,2344.321164
217.198247,200,2386.730377
217.198247,200,2387.107715
217.198247,200,2387.408942
217.198247,200,2387.761956
217.198247,200,2388.123493
222.600503,200,2430.11305
222.600503,200,2430.330855
222.600503,200,2430.537523
222.600503,200,2430.739759
222.600503,200,2430.946471
63.854837,200,2471.434541
63.854837,200,2471.67013
63.854837,200,2471.930164
63.854837,200,2472.201593
63.854837,200,2472.456074
224.967285,200,2510.345965
224.967285,200,2510.604029
224.967285,200,2510.875724
224.967285,200,2511.16987
224.967285,200,2511.407982
-63.123731,200,2547.547205
-63.123731,200,2547.804511
-63.123731,200,2548.097612
-63.123731,200,2548.367704
-63.123731,200,2548.671962
136.647898,200,2583.736851
136.647898,200,2584.012995
136.647898,200,2584.305584
136.647898,200,2584.559083
136.647898,200,2584.965791
227.602358,200,2620.289402
227.602358,200,2620.548966
227.602358,200,2620.833171
227.602358,200,2621.11466
227.602358,200,2621.368603
224.666124,200,2655.802609
224.666124,200,2656.079713
224.666124,200,2656.330725
224.666124,200,2656.617899
224.666124,200,2656.870948
226.997715,200,2693.42204
226.997715,200,2693.695922
226.997715,200,2693.918579
226.997715,200,2694.173911
226.997715,200,2694.441565
226.92947,200,2732.238069
226.92947,200,2732.526874
226.92947,200,2732.810303
226.92947,200,2733.11467
226.92947,200,2733.374807
225.007367,200,2779.993762
225.007367,200,2780.375554
225.007367,200,2780.771711
225.007367,200,2781.231992
225.007367,200,2781.660088
182.748331,200,2828.461952
182.748331,200,2828.77449
182.748331,200,2829.145525
182.748331,200,2829.495389
182.748331,200,2829.847652
213.665441,200,2875.095029
213.665441,200,2875.413916
213.665441,200,2875.73483
213.665441,200,2876.085202
213.665441,200,2876.447522
209.370333,200,2921.929045
209.370333,200,2922.279813
209.370333,200,2922.590544
209.370333,200,2922.947116
209.370333,200,2923.322351
227.424699,200,2967.770278
227.424699,200,2968.105279
227.424699,200,2968.468761
227.424699,200,2968.837502
227.424699,200,2969.218789
229.311699,200,3010.678784
229.311699,200,3010.876433
229.311699,200,3011.051102
229.311699,200,3011.216489
229.311699,200,3011.419386
215.708438,200,3037.259345
215.708438,200,3037.52351
215.708438,200,3037.71848
215.708438,200,3037.95928
215.708438,200,3038.173476
227.607568,200,3068.773476
227.607568,200,3069.131943
227.607568,200,3069.413403
227.607568,200,3069.644813
227.607568,200,3069.898177
223.896751,200,3099.431449
223.896751,200,3099.619943
223.896751,200,3099.82802
223.896751,200,3100.034467
223.896751,200,3100.239497
227.98543,200,3129.417523
227.98543,200,3129.596837
227.98543,200,3129.773489
227.98543,200,3129.959897
227.98543,200,3130.163396
227.80355,200,3159.109302
227.80355,200,3159.36769
227.80355,200,3159.618495
227.80355,200,3159.85888
227.80355,200,3160.196827
226.055384,200,3194.364823
226.055384,200,3194.611773
226.055384,200,3194.837347
226.055384,200,3195.023044
226.055384,200,3195.269412
228.187981,200,3230.633579
228.187981,200,3230.860356
228.187981,200,3231.09245
228.187981,200,3231.30695
228.187981,200,3231.546208
226.252609,200,3264.092443
226.252609,200,3264.307243
226.252609,200,3264.542
226.252609,200,3264.763624
226.252609,200,3264.978335
228.257852,200,3291.527844
228.257852,200,3291.729656
228.257852,200,3291.950589
228.257852,200,3292.163714
228.257852,200,3292.382725
228.012976,200,3321.217277
228.012976,200,3321.426054
228.012976,200,3321.629821
228.012976,200,3321.828641
228.012976,200,3322.012451
,200,277.421398
-74.576866,200,277.910651
-15.121287,200,278.392408
24.150144,200,278.82543
-102.108515,200,279.333856
88.054498,200,279.869108
-51.67841,200,280.335039
-67.378475,200,280.808978
-66.804533,200,281.295241
-7.616208,200,286.232326
13.913321,200,286.706474
-20.27865,200,287.157382
-92.205166,200,287.634217
-82.919728,200,288.086018
-11.630847,200,288.549706
27.763083,200,289.01053
187.451334,200,289.589506
50.869873,200,290.094357
-66.131,200,290.722994
-88.522762,200,295.404884
-90.48018,200,295.8589
-99.633611,200,296.316411
-55.984362,200,296.778297
-43.252471,200,297.234527
125.745888,200,297.716415
-51.725319,200,298.184489
-87.55955,200,298.660993
-34.262638,200,299.138455
-55.729058,200,299.606725
121.933276,200,300.075296
-45.581012,200,305.017328
25.791227,200,305.482016
-75.685759,200,306.031105
-57.708141,200,306.532473
-61.955571,200,307.058324
35.988984,200,308.04616
110.217685,200,308.594615
80.674832,200,309.091162
-68.520682,200,309.568396
-0.65314,200,310.086585
-53.823284,200,314.806035
118.941962,200,317.029363
-107.402714,200,317.485479
-43.614987,200,318.114729
15.527894,200,318.594905
-47.480869,200,319.047852
-19.159773,200,319.517073
108.632095,200,319.975871
147.847749,200,320.459385
-52.580198,200,320.946531
-59.893325,200,325.581166
148.018911,200,326.024153
-112.001743,200,326.496308
-102.186972,200,326.942913
-26.732515,200,327.424642
-109.565746,200,327.910156
-54.209583,200,328.371072
71.529021,200,328.974154
-88.799511,200,329.437692
-27.083406,200,329.893754
-88.930715,200,334.434205
-88.837926,200,334.879202
146.038991,200,335.350908
87.928983,200,335.904015
-84.468895,200,336.362644
-29.065761,200,336.820984
52.081504,200,337.257922
-78.933261,200,337.69633
-92.660254,200,338.146893
75.283693,200,338.612051
-74.508175,200,339.06818
128.441521,200,343.536034
-5.462603,200,343.980392
4.589401,200,344.446965
70.650656,200,344.915091
179.488434,200,345.374646
-89.873205,200,345.825399
-89.857154,200,346.250178
43.162034,200,346.678185
-59.129907,200,347.131942
99.497821,200,347.58299
-113.380308,200,352.113651
-56.358396,200,352.549167
-127.088516,200,352.98884
-86.823031,200,353.459291
-70.77684,200,353.903774
70.333686,200,354.353177
157.547172,200,354.80487
-90.696581,200,355.241166
61.953732,200,355.712247
31.347157,200,356.144705
47.22596,200,362.331016
182.699718,200,362.815272
171.908108,200,363.283719
-80.856269,200,363.751415
167.766346,200,364.208482
-31.615695,200,364.682261
-108.770019,200,365.114118
170.530235,200,365.591913
-77.102325,200,366.047291
-90.053349,200,366.513542
77.984907,200,370.904331
-71.086676,200,371.354408
184.398849,200,371.800042
62.615207,200,372.241748
-53.014024,200,372.662748
-130.611202,200,373.099265
169.700592,200,373.566634
125.806317,200,374.007437
-107.627306,200,374.455361
-90.683511,200,374.88625
178.402736,200,375.321097
-5.311634,200,379.783838
164.479083,200,380.22493
156.835933,200,380.687051
75.768578,200,381.213363
-107.665739,200,381.742094
184.119406,200,382.285562
94.115783,200,382.724515
126.346573,200,383.187981
172.678581,200,383.637612
173.614135,200,384.106815
124.109498,200,388.551591
-87.636053,200,388.995477
153.030427,200,389.459285
101.460391,200,389.897936
-90.423101,200,390.325076
28.198974,200,390.784486
121.660011,200,391.2464
163.024838,200,391.675813
-87.55283,200,392.120273
166.40323,200,392.573963
145.984186,200,397.21061
-59.469235,200,397.616344
188.422409,200,398.063352
-78.157495,200,398.505391
201.223553,200,398.951444
196.410938,200,399.391494
178.682462,200,399.854347
173.796964,200,400.284392
-70.895087,200,400.722124
143.861379,200,403.121625
184.211446,200,408.124517
-1.170104,200,408.60956
174.314337,200,409.129326
-59.940433,200,409.607685
130.203507,200,410.078559
141.956369,200,410.572381
157.568038,200,411.058851
50.919677,200,411.49521
125.425151,200,411.949577
148.042655,200,412.420182
-3.00115,200,412.903232
-56.742075,200,417.441149
-57.169294,200,417.918445
-58.634237,200,418.423795
185.882763,200,418.861104
-60.998588,200,419.310746
172.296425,200,419.778162
-58.96364,200,420.229008
192.658294,200,420.705029
-51.761359,200,421.167321
174.776456,200,421.642869
157.489376,200,426.237194
-57.331958,200,426.716908
178.117022,200,427.185014
126.248045,200,427.653852
-69.687916,200,428.107742
144.548118,200,428.573955
198.802702,200,429.050898
189.898923,200,429.509705
-60.763372,200,429.933664
115.97544,200,430.394909
81.605986,200,434.851583
188.80751,200,435.285752
83.57985,200,435.735405
198.227296,200,436.18615
-62.121305,200,436.607713
148.192539,200,437.071481
193.818868,200,437.520555
183.631034,200,437.977547
124.612879,200,438.421148
176.669461,200,438.892429
169.024513,200,443.373334
-95.234867,200,443.812968
154.924746,200,444.303678
56.015163,200,444.749431
202.68592,200,445.223683
108.064891,200,445.675141
58.858275,200,446.143509
-86.23713,200,446.629104
175.773835,200,448.846901
-76.043089,200,449.322442
170.056766,200,454.068193
149.77545,200,454.531726
-87.482571,200,455.013772
200.447738,200,455.568158
70.458201,200,456.065192
147.849263,200,456.518859
-74.68317,200,456.939656
192.638185,200,457.419864
-87.192671,200,457.87678
-87.928479,200,458.322608
99.421791,200,458.811201
50.923307,200,463.470577
204.294794,200,463.960944
204.835357,200,464.419613
204.785211,200,464.849895
202.076079,200,465.30096
200.973154,200,465.7888
190.428585,200,466.245951
173.804454,200,466.707322
182.620157,200,467.151188
182.541174,200,467.64212
188.711998,200,472.318347
-56.428756,200,472.799804
170.183214,200,473.294314
179.820253,200,473.793993
198.933936,200,474.260166
179.131117,200,474.734892
-74.693513,200,475.202309
205.070925,200,475.671569
171.711174,200,476.160162
178.701231,200,476.610834
178.573321,200,481.162644
66.704394,200,481.635255
137.924141,200,482.101347
200.692124,200,482.539135
159.002723,200,482.99098
160.247828,200,483.456102
124.394194,200,483.915682
-31.84766,200,484.345817
73.017931,200,484.797546
198.845218,200,485.255336
201.000757,200,490.539168
198.677282,200,491.027032
59.073512,200,491.490431
-55.912611,200,491.950181
14.756165,200,492.419803
-5.115399,200,492.87522
1.522547,200,493.32758
142.579511,200,495.499852
197.033502,200,495.974945
-11.987069,200,496.534886
130.710921,200,497.02147
188.955526,200,501.60949
72.514575,200,502.163787
168.789277,200,502.656501
188.358588,200,503.16221
154.625636,200,503.649244
195.326489,200,504.191654
187.262328,200,504.712942
190.702738,200,505.219413
181.042654,200,505.746172
182.791286,200,506.25358
138.608604,200,511.395946
92.073117,200,511.932659
154.410687,200,512.431491
208.737572,200,512.984026
132.185969,200,513.508797
80.763122,200,514.014832
202.85791,200,514.503097
199.082926,200,515.001282
206.960767,200,515.543105
42.537499,200,516.040544
4.257835,200,521.146562
-15.311558,200,521.65735
202.617621,200,522.14937
198.226651,200,522.800195
147.131545,200,523.348078
50.120518,200,523.89834
186.486641,200,524.41399
212.912375,200,524.934692
196.494716,200,525.47948
142.790521,200,525.966175
211.592041,200,531.161325
208.566618,200,531.690866
88.638084,200,532.212581
217.018518,200,532.74367
209.435546,200,533.274958
-71.725124,200,533.805199
76.57343,200,534.331362
213.518893,200,534.854671
-62.685856,200,535.386779
190.664733,200,535.92362
-69.733388,200,536.429427
-63.895914,200,541.900436
211.808442,200,542.468351
130.716659,200,543.052127
153.016015,200,543.616488
116.808214,200,544.160147
205.614933,200,546.731309
146.79919,200,547.2468
211.259338,200,547.873001
214.953111,200,548.407043
-68.203656,200,548.939267
182.422142,200,554.061444
212.906714,200,554.573416
199.086523,200,555.122351
-66.417131,200,555.642515
203.232069,200,556.169647
170.479183,200,556.721446
209.090889,200,557.241287
194.902668,200,557.794086
206.908172,200,558.300158
219.221432,200,558.844506
202.918877,200,563.98096
217.087278,200,564.500702
215.73676,200,565.053818
93.042447,200,565.587623
215.041554,200,566.128091
156.485743,200,566.657787
-86.447733,200,567.213892
-74.447455,200,567.765747
209.135736,200,568.297972
206.616983,200,568.810601
193.111346,200,573.925493
-19.311548,200,574.472414
-45.584631,200,574.98567
-63.676906,200,575.518865
195.063158,200,576.08675
115.30817,200,576.586694
152.441691,200,577.10709
132.520897,200,577.629117
-79.938912,200,578.167128
182.824624,200,578.690715
-83.742138,200,579.172794
-25.64385,200,583.851627
194.683249,200,584.324358
186.894509,200,584.777817
204.83329,200,585.315693
72.732212,200,585.745249
198.528743,200,586.225469
205.070296,200,586.721828
58.80866,200,587.168612
4.426458,200,587.597452
209.351326,200,588.065324
-67.920713,200,592.631651
109.236265,200,593.095505
174.910778,200,593.544649
182.292623,200,594.016796
182.836174,200,596.153836
81.095566,200,596.634518
166.06076,200,597.226212
210.589993,200,597.725183
146.914476,200,598.179194
209.143433,200,598.634651
205.057502,200,603.637549
38.032081,200,604.106986
-86.785964,200,604.567046
110.489278,200,605.02515
144.869952,200,605.489044
222.055289,200,605.945553
22.904154,200,606.388619
202.747977,200,606.871746
104.090685,200,607.334396
189.045726,200,607.799929
145.359459,200,612.397418
153.123801,200,612.8398
208.819919,200,613.306139
204.585224,200,613.75112
208.538527,200,614.212766
70.628738,200,614.686724
-76.218926,200,615.178959
186.59995,200,615.653417
212.827709,200,616.094385
172.845376,200,616.56405
206.827991,200,617.00063
216.544415,200,621.637306
164.476642,200,622.091841
217.153898,200,622.594282
194.409464,200,623.072136
-37.71581,200,623.537917
95.521388,200,624.001672
-45.104758,200,624.488997
206.953459,200,624.955735
214.599726,200,625.45853
-79.309375,200,625.915497
-76.660153,200,630.596835
162.284466,200,631.055101
212.985368,200,631.522195
116.585931,200,631.988629
212.566739,200,632.493888
160.493038,200,632.969235
214.670377,200,633.498967
-4.538832,200,633.972807
210.772987,200,634.459844
218.788685,200,634.924311
206.787671,200,639.566032
-201.76978,200,640.022078
217.318365,200,640.492088
-60.69921,200,642.919183
210.852001,200,643.469268
217.271108,200,643.9585
-47.788294,200,644.405613
-64.639191,200,644.847059
-45.648799,200,645.301153
200.375547,200,645.783469
202.79747,200,650.52554
210.467529,200,651.003297
46.11592,200,651.463404
-70.236055,200,651.910905
-76.923439,200,652.373713
219.1341,200,652.835595
209.938234,200,653.28897
84.36576,200,653.754992
216.594801,200,654.216901
-9.765789,200,654.694567
41.706313,200,655.146749
59.554667,200,659.713916
216.323443,200,660.198293
108.310608,200,660.687117
208.664433,200,661.156849
219.004249,200,661.607257
-76.349642,200,662.072056
209.018027,200,662.545813
174.319683,200,663.021688
196.453326,200,663.508446
211.271105,200,663.990103
219.37656,200,669.154318
118.31335,200,669.73598
209.033605,200,670.196551
194.248395,200,670.643707
218.743243,200,671.110152
112.391835,200,671.583892
208.989198,200,672.058689
219.539945,200,672.517722
220.929958,200,672.995328
135.642854,200,673.445084
0.389631,200,678.065628
185.126388,200,678.518542
212.731199,200,679.024531
220.615613,200,679.485663
219.354732,200,679.977968
182.924055,200,680.503792
189.143881,200,680.960834
223.316715,200,681.470085
69.376505,200,681.920255
207.531029,200,682.36422
220.820675,200,686.981197
223.565617,200,687.459737
221.432811,200,689.63672
212.938799,200,690.096974
213.893213,200,690.660637
194.073366,200,691.166121
222.375332,200,691.636366
198.917753,200,692.109202
223.761503,200,692.551741
82.951313,200,693.020776
208.948304,200,697.556213
229.744853,200,698.045048
182.79954,200,698.51001
213.093127,200,698.989763
203.391765,200,699.466987
222.06833,200,699.94463
217.55647,200,700.423821
219.473606,200,700.892322
223.768976,200,701.369385
215.914232,200,701.796831
217.926482,200,702.241093
214.600889,200,706.878688
221.715996,200,707.333342
85.264025,200,707.859986
221.052032,200,708.361399
211.414326,200,708.821228
224.503677,200,709.293828
221.059464,200,709.781501
226.394456,200,710.221019
225.14327,200,710.699522
138.879444,200,711.154948
225.877285,200,715.830977
223.155107,200,716.302694
224.61455,200,716.783983
221.390073,200,717.256809
190.418768,200,717.709395
187.081992,200,718.18385
220.684891,200,718.62749
225.276949,200,719.125679
225.332663,200,719.603797
217.176305,200,720.08365
221.37591,200,724.769483
179.437787,200,725.248833
227.430615,200,725.743433
219.226609,200,726.200609
124.143969,200,726.711593
161.174287,200,727.191007
217.426468,200,727.644535
160.343788,200,728.148325
167.095457,200,728.585651
83.097026,200,729.058882
4.981033,200,733.687864
130.159748,200,735.798533
217.773346,200,736.287101
212.937652,200,736.853858
67.966767,200,737.341048
217.502135,200,737.779189
208.578707,200,738.232872
224.888561,200,738.707575
165.293387,200,739.159103
219.305035,200,739.64181
215.097373,200,740.09664
118.926237,200,744.801609
223.421459,200,745.304429
158.853052,200,745.781676
103.308498,200,746.268376
124.537112,200,746.732776
178.472564,200,747.200697
225.573193,200,747.673062
223.446231,200,748.162955
223.568355,200,748.626394
221.185743,200,749.087428
223.979578,200,753.74122
219.084784,200,754.19032
215.211834,200,754.680771
-99.556248,200,755.112834
221.871235,200,755.563027
212.269554,200,756.025104
37.724542,200,756.480543
225.539348,200,757.029649
124.009458,200,757.561984
208.84805,200,758.048573
224.43776,200,762.872298
227.496215,200,763.330442
46.047893,200,763.813256
207.787264,200,764.316376
223.68993,200,764.823543
-177.093884,200,765.312843
-143.281837,200,765.802483
221.624889,200,766.277985
219.483767,200,766.772565
-12.656623,200,767.226197
224.415744,200,771.747062
118.613945,200,772.238373
226.515942,200,772.693511
171.505278,200,773.1577
150.495983,200,773.636975
179.209333,200,774.121092
140.210463,200,774.591352
75.482716,200,775.053335
226.751284,200,775.533984
211.281704,200,776.002014
222.316124,200,778.147666
193.128047,200,782.817288
130.667095,200,783.272133
219.849374,200,783.71878
145.017756,200,784.198431
93.498613,200,784.650412
207.285548,200,785.110581
221.12545,200,785.591393
82.628658,200,786.093507
106.422848,200,786.551049
215.417644,200,787.030331
128.602434,200,791.624613
215.580358,200,792.110978
213.344808,200,792.5692
217.314773,200,793.061931
221.173199,200,793.526576
-43.775023,200,793.986073
90.652054,200,794.457832
204.944217,200,794.9481
-74.131627,200,795.423749
218.885294,200,795.851644
219.642794,200,800.51814
221.427957,200,800.989561
213.307576,200,801.429271
217.647258,200,801.910583
132.987768,200,802.392875
185.074653,200,802.834536
221.486194,200,803.3106
157.17236,200,803.797945
62.125015,200,804.235025
220.922475,200,804.685262
215.213095,200,809.362318
-36.014563,200,809.851089
219.609777,200,810.323473
162.598861,200,810.791396
114.667984,200,811.264148
213.792993,200,811.723755
221.452206,200,812.177472
106.385821,200,812.674819
-53.755279,200,813.113986
86.876996,200,813.599327
167.463038,200,814.061849
92.183774,200,818.784458
207.038337,200,819.272051
217.193863,200,819.741686
221.711221,200,820.21065
221.634607,200,820.688438
216.516542,200,821.143158
193.589003,200,821.672033
109.720121,200,822.136036
223.325924,200,824.383163
-104.805489,200,824.844809
215.339173,200,829.557167
-23.335994,200,830.002537
-37.086878,200,830.435655
88.260447,200,830.894718
223.636376,200,831.336853
182.092553,200,831.805671
175.294821,200,832.268073
-128.095887,200,832.716588
223.500133,200,833.174433
173.869526,200,833.628
157.511303,200,838.303794
226.343196,200,838.72789
225.676945,200,839.190577
222.670522,200,839.669775
227.095893,200,840.136809
221.314932,200,840.609764
216.712985,200,841.080431
226.478318,200,841.558674
225.214098,200,842.012015
226.68825,200,842.448037
-51.846502,200,846.952167
228.047856,200,847.424442
219.682197,200,847.94136
223.535283,200,848.436512
62.988287,200,848.976997
-49.782193,200,849.761265
96.927398,200,850.329494
29.354027,200,850.855666
-65.446958,200,851.307662
-27.94261,200,851.759922
227.52459,200,852.210879
227.755418,200,856.685595
58.882447,200,857.128884
211.479692,200,857.594136
210.821681,200,858.073048
-53.230336,200,858.542825
212.790975,200,859.020124
-33.086827,200,859.481632
216.836124,200,859.954254
24.836541,200,860.409497
210.183468,200,860.888377
121.558016,200,865.78374
225.702171,200,866.245007
90.442381,200,866.737906
224.629835,200,867.215897
213.329787,200,867.670901
225.776367,200,868.164108
227.663564,200,868.618721
201.650628,200,870.959935
212.608047,200,871.414887
223.280345,200,871.887158
221.492577,200,876.714053
181.016864,200,877.167564
219.469964,200,877.66473
-55.537516,200,878.134665
223.145963,200,878.621722
223.801882,200,879.10806
219.274738,200,879.562175
219.143889,200,880.045731
-71.582059,200,880.473181
200.252307,200,880.930303
225.714369,200,885.584874
217.561437,200,886.059392
221.280843,200,886.494337
221.846126,200,886.951456
201.353935,200,887.41168
219.167073,200,887.882538
225.664293,200,888.360274
219.090825,200,888.807721
217.133704,200,889.27385
225.16478,200,889.744672
223.462866,200,890.215542
223.264203,200,894.893672
130.495714,200,895.382544
157.00617,200,895.843103
219.266107,200,896.324914
177.480792,200,896.758019
211.193245,200,897.228769
223.489031,200,897.704974
219.359463,200,898.171917
221.612441,200,898.650786
225.358026,200,899.137532
227.558165,200,903.837763
224.949244,200,904.324114
223.568972,200,904.793849
117.301214,200,905.234766
188.71926,200,905.714306
0.045627,200,906.167263
144.599187,200,906.657607
213.042895,200,907.12495
216.958756,200,907.577403
-85.746335,200,908.050584
223.208444,200,912.650922
223.716057,200,913.141384
215.331802,200,913.612129
219.07868,200,914.081829
80.777724,200,914.581949
225.394325,200,915.037274
199.092009,200,917.182378
51.138475,200,917.642262
14.669556,200,918.219673
217.5667,200,918.743244
213.284515,200,923.559717
223.239273,200,924.110297
224.502061,200,924.62519
139.225081,200,925.149519
211.088863,200,925.644476
223.531872,200,926.147973
136.209704,200,926.622298
-1.541456,200,927.097841
223.574951,200,927.625962
223.506336,200,928.126099
81.44093,200,932.791146
226.67975,200,933.269887
223.634954,200,933.740381
186.478664,200,934.220864
-78.278525,200,934.691483
225.021095,200,935.143243
226.352124,200,935.637465
221.376665,200,936.120902
139.466905,200,936.582868
-72.447034,200,937.046761
223.954395,200,937.514879
225.592036,200,942.306432
223.701931,200,942.783308
204.888454,200,943.266067
218.681286,200,943.752104
221.362787,200,944.212993
223.453011,200,944.692876
221.074672,200,945.181712
215.515612,200,945.715698
152.499994,200,946.249578
191.256804,200,946.725844
226.568606,200,951.447626
181.279504,200,951.935417
217.158504,200,952.459002
152.663585,200,952.946782
224.7472,200,953.418259
192.239109,200,953.909132
-45.216786,200,954.391465
223.418618,200,954.872694
-61.295793,200,955.365566
227.579718,200,955.848646
225.283936,200,960.623473
198.70743,200,961.067393
226.445372,200,961.526707
225.714283,200,962.08786
217.235341,200,962.680792
225.510991,200,965.084501
227.860019,200,965.563249
221.278518,200,966.161631
226.417157,200,966.759732
225.291873,200,967.298101
225.258318,200,972.112964
149.138552,200,972.596969
227.350677,200,973.073046
182.120359,200,973.554362
223.55858,200,974.024166
-66.747365,200,974.484837
-66.328126,200,974.963732
9.353368,200,975.421487
226.660155,200,976.034167
229.73239,200,976.610471
219.280961,200,977.187121
217.134271,200,982.244954
181.259829,200,982.726967
221.235085,200,983.214721
223.254645,200,983.702128
223.590908,200,984.18615
-61.170729,200,984.653995
229.82833,200,985.124769
223.245795,200,985.597615
221.38291,200,986.070689
24.921365,200,986.57643
225.909025,200,991.510574
-62.885087,200,991.972441
221.618416,200,992.45866
221.665622,200,992.945673
212.781133,200,993.460015
133.080195,200,993.938243
88.4495,200,994.395393
221.739954,200,994.908151
226.019826,200,995.361172
219.66676,200,995.849485
227.765943,200,1000.539302
225.580687,200,1001.044978
225.916203,200,1001.500924
225.694335,200,1001.983005
221.303786,200,1002.515384
154.478883,200,1002.986983
225.765138,200,1003.455505
223.945358,200,1003.941855
219.302844,200,1004.430799
219.211539,200,1004.920354
217.263536,200,1009.621604
225.898342,200,1010.086946
223.20151,200,1010.53664
148.658115,200,1010.981815
97.088872,200,1013.318463
217.149385,200,1013.809376
217.59127,200,1014.3978
219.429961,200,1014.894176
223.628016,200,1015.37164
221.557574,200,1015.837652
227.826268,200,1016.293798
221.459412,200,1021.225116
219.301762,200,1021.809701
223.798644,200,1022.363602
225.598224,200,1022.918446
214.919491,200,1023.534592
228.970818,200,1024.121517
223.931118,200,1024.605169
213.356347,200,1025.079694
223.3025,200,1025.565907
160.93717,200,1026.028692
220.950882,200,1031.423937
226.530125,200,1031.902566
223.522808,200,1032.3594
229.535281,200,1032.800325
224.430017,200,1033.275518
-63.27054,200,1033.73197
228.511499,200,1034.192698
170.495961,200,1034.652009
225.829911,200,1035.131751
225.712188,200,1035.604499
215.67195,200,1040.416874
225.62914,200,1040.882488
225.748922,200,1041.380413
225.605613,200,1041.844204
109.374136,200,1042.298785
61.197757,200,1042.746814
190.942063,200,1043.235429
227.666897,200,1043.69847
225.845739,200,1044.160483
227.810125,200,1044.612354
221.407611,200,1049.365572
146.277735,200,1049.842647
225.419345,200,1050.328564
144.713525,200,1050.810969
-184.939354,200,1051.248899
188.627508,200,1051.735131
220.668163,200,1052.23048
228.057865,200,1052.700562
228.008621,200,1053.164449
185.5482,200,1053.643032
60.147473,200,1054.12235
226.071852,200,1058.865114
222.755608,200,1059.303795
223.552765,200,1061.563608
-70.034702,200,1062.043894
154.56361,200,1062.643394
198.728941,200,1063.162078
225.989965,200,1063.72958
223.954169,200,1064.188433
74.826524,200,1064.654442
225.854105,200,1065.130562
226.078542,200,1069.768927
-70.354206,200,1070.227523
217.185217,200,1070.688254
221.451311,200,1071.153789
52.283297,200,1071.66408
223.464282,200,1072.209156
223.471198,200,1072.692729
-86.582687,200,1073.194558
223.557973,200,1073.674003
219.011846,200,1074.165005
221.598145,200,1078.82068
52.771165,200,1079.324065
217.424621,200,1079.785724
219.543521,200,1080.272803
81.128469,200,1080.733634
98.510924,200,1081.18442
69.167426,200,1081.639323
221.389607,200,1082.124914
78.754228,200,1082.608097
214.492776,200,1083.064167
215.197393,200,1087.785517
221.214355,200,1088.257613
223.432064,200,1088.729742
219.455125,200,1089.22747
216.924366,200,1089.717888
223.384143,200,1090.190627
221.38255,200,1090.664804
219.303431,200,1091.137104
215.54726,200,1091.613108
223.313812,200,1092.094949
223.716012,200,1092.549776
227.92094,200,1097.428742
221.335526,200,1097.912296
225.399513,200,1098.396105
227.923196,200,1098.87445
215.388005,200,1099.336982
221.771139,200,1099.811614
227.847866,200,1100.290267
223.770728,200,1100.785383
226.999432,200,1101.263215
228.901993,200,1101.738019
227.645959,200,1106.591369
162.26642,200,1109.106598
230.076365,200,1109.574642
-61.41587,200,1110.008676
225.711311,200,1110.475891
227.744988,200,1110.949153
230.717752,200,1111.374253
223.457553,200,1111.855356
225.938285,200,1112.345541
227.448777,200,1112.804549
228.13556,200,1117.582709
-66.240778,200,1118.052324
221.906784,200,1118.515687
83.86883,200,1118.975664
145.893615,200,1119.420784
-61.470717,200,1119.852516
230.623558,200,1120.323998
224.773535,200,1120.793007
225.978616,200,1121.258657
225.077208,200,1121.751065
211.532691,200,1126.41876
221.434899,200,1126.878042
221.631795,200,1127.353692
225.657437,200,1127.825142
111.874832,200,1128.291183
224.110281,200,1128.767052
226.269884,200,1129.246904
213.229553,200,1129.743621
225.736881,200,1130.195556
201.84983,200,1130.666616
225.718577,200,1131.122404
225.764009,200,1135.738995
70.694356,200,1136.191132
211.647102,200,1136.656279
225.83441,200,1137.134873
223.695404,200,1137.735419
224.199882,200,1138.20966
224.307319,200,1138.691476
-38.95504,200,1139.185038
224.173937,200,1139.649721
219.706726,200,1140.114623
224.042919,200,1144.771314
227.857674,200,1145.24362
215.94026,200,1145.722432
225.312103,200,1146.184388
225.925036,200,1146.653225
221.724161,200,1147.141434
223.992996,200,1147.712881
52.690603,200,1148.176236
226.377947,200,1148.626368
224.057295,200,1149.086392
224.653044,200,1604.90935
227.89059,200,1605.356265
9.261729,200,1605.726858
28.05448,200,1606.781234
228.055127,200,1607.517788
223.883939,200,1607.854377
228.336779,200,1608.125896
229.281795,200,1608.477887
228.780251,200,1608.741176
219.760321,200,1609.026663
222.694199,200,1611.962417
103.867549,200,1612.318215
225.627503,200,1612.687841
226.83725,200,1612.955046
146.462791,200,1613.245357
226.172314,200,1613.506836
210.952195,200,1613.782426
207.181793,200,1614.035696
135.889546,200,1614.283577
220.053211,200,1614.529274
227.945743,200,1617.401057
227.071329,200,1617.714982
228.260307,200,1618.00361
226.067519,200,1618.327505
226.933041,200,1618.590541
208.652163,200,1618.855894
227.840374,200,1619.102942
205.24836,200,1619.375771
225.982439,200,1619.627754
224.031598,200,1619.903859
226.03237,200,1620.247099
152.949592,200,1622.997324
228.192341,200,1623.255186
221.974689,200,1623.515051
219.873083,200,1623.766455
224.935403,200,1624.025318
215.450891,200,1624.295614
221.837582,200,1624.533213
226.907515,200,1624.842025
217.626552,200,1625.132245
219.770114,200,1625.410199
223.626745,200,1628.662953
223.06402,200,1628.937228
227.041564,200,1629.240783
211.903154,200,1629.541697
148.833403,200,1629.820966
106.675332,200,1630.107531
219.998068,200,1630.390296
219.999381,200,1630.659566
-6.615751,200,1630.90944
153.296625,200,1632.309158
224.745682,200,1635.553517
224.627616,200,1635.88844
220.038857,200,1636.217699
224.169983,200,1636.555297
222.513448,200,1636.814024
218.383456,200,1637.137465
220.054676,200,1637.637553
216.187612,200,1637.95298
218.499338,200,1638.369008
220.375742,200,1638.710776
224.538209,200,1643.529333
212.311705,200,1643.809863
216.367457,200,1644.111434
222.342118,200,1644.436721
224.538835,200,1644.68936
222.084146,200,1644.944054
225.700561,200,1645.212115
220.290804,200,1645.517144
222.367095,200,1645.821462
224.24852,200,1646.090975
224.595279,200,1646.395605
113.904048,200,1649.570069
205.969587,200,1649.83069
209.495123,200,1650.094285
213.492849,200,1650.39019
124.070821,200,1650.682569
213.985266,200,1650.991575
202.141372,200,1651.449657
220.230235,200,1651.877571
226.069396,200,1652.244277
214.198345,200,1652.702219
207.864999,200,1655.741527
212.348897,200,1656.018866
218.437428,200,1656.299008
123.703324,200,1656.558063
216.309802,200,1656.852844
220.22176,200,1657.1428
222.226648,200,1657.424499
212.56905,200,1657.692351
226.493942,200,1657.961797
218.199327,200,1658.207118
77.787633,200,1661.601212
224.506587,200,1661.889073
216.491241,200,1662.159442
226.444819,200,1662.52411
224.478391,200,1662.891608
220.504878,200,1663.241397
196.493228,200,1663.592142
119.370071,200,1663.910764
74.85612,200,1665.255847
196.00106,200,1665.518064
215.725513,200,1668.721285
209.956571,200,1668.973866
225.769472,200,1669.252893
210.434367,200,1669.513304
223.578338,200,1669.769352
214.703651,200,1670.020788
224.082617,200,1670.315216
220.427148,200,1670.565183
211.598563,200,1670.830449
225.415973,200,1671.200794
218.283214,200,1671.52966
216.197236,200,1674.709339
226.753458,200,1674.956077
222.124872,200,1675.429622
228.363806,200,1675.83645
222.132845,200,1676.304127
220.255182,200,1676.745224
221.455365,200,1677.288824
226.293467,200,1677.713441
227.463993,200,1678.120645
216.501325,200,1678.532758
218.349003,200,1683.583215
213.728847,200,1684.047366
226.975091,200,1684.584791
222.449319,200,1685.115707
218.309509,200,1685.518858
222.956613,200,1685.935433
222.540498,200,1686.348123
228.123664,200,1686.750821
226.450761,200,1687.189961
224.595397,200,1687.685533
227.037845,200,1692.02003
223.725423,200,1692.413241
224.544496,200,1692.758666
225.840886,200,1693.150368
228.253308,200,1693.544211
218.138006,200,1693.914069
224.066051,200,1694.286585
224.750262,200,1694.643328
222.281717,200,1695.013006
220.272342,200,1695.375727
226.30593,200,1699.529483
63.578608,200,1699.930155
60.736128,200,1700.328653
213.963013,200,1700.709751
228.440828,200,1701.149268
225.661378,200,1701.58621
222.245281,200,1701.995526
84.423776,200,1703.783618
226.123419,200,1704.162143
227.831305,200,1704.580715
182.99626,200,1705.062777
223.373267,200,1709.147441
227.061772,200,1709.593901
217.434828,200,1709.977019
202.952376,200,1710.371608
225.337736,200,1710.755236
222.306573,200,1711.140576
223.988555,200,1711.636232
213.070087,200,1712.025535
223.321261,200,1712.669236
227.64758,200,1713.794511
195.626711,200,1719.259194
-64.762946,200,1719.736572
158.924818,200,1720.216719
187.798688,200,1720.682828
226.550948,200,1721.111257
195.986425,200,1721.594067
196.490952,200,1722.179919
223.823486,200,1722.678022
200.107326,200,1723.115561
226.649781,200,1723.554211
211.77245,200,1729.161519
191.580763,200,1729.776169
225.229296,200,1730.340497
216.455066,200,1730.802003
214.14742,200,1731.232629
220.609281,200,1731.852098
220.568402,200,1732.389959
206.479587,200,1733.692422
216.611794,200,1734.701556
224.270351,200,1735.437468
224.553216,200,1741.01748
218.3155,200,1741.477864
224.561403,200,1741.978682
224.013191,200,1742.713459
222.40195,200,1743.774661
217.944376,200,1744.211415
212.410603,200,1744.663637
216.276209,200,1745.130372
216.116839,200,1745.541767
215.71661,200,1746.013964
220.012408,200,1746.535938
218.646838,200,1750.805115
210.515138,200,1751.307707
216.96588,200,1751.742881
224.430344,200,1752.14602
220.559493,200,1752.562458
218.636317,200,1754.803034
227.084007,200,1755.277783
226.345606,200,1755.830791
208.165048,200,1756.285809
218.538016,200,1756.763907
216.326392,200,1761.790569
224.536267,200,1762.409688
222.024916,200,1762.964833
226.612041,200,1763.455174
204.253974,200,1763.907362
214.270973,200,1764.320759
93.48993,200,1764.7362
205.828097,200,1765.119737
224.980888,200,1765.558531
224.554572,200,1765.992517
212.465425,200,1770.549798
182.438857,200,1770.924191
87.340357,200,1771.302525
226.280492,200,1771.680947
218.678432,200,1772.110211
220.842832,200,1772.639244
220.652105,200,1773.084918
161.082918,200,1773.553556
196.681131,200,1773.964594
220.422701,200,1774.37496
206.419144,200,1778.49035
226.585314,200,1778.870645
223.391592,200,1779.247965
163.112209,200,1779.620445
220.636602,200,1779.998148
222.681678,200,1780.391214
117.479367,200,1780.766524
228.42335,200,1781.146814
226.812253,200,1781.602718
225.365505,200,1782.025636
176.133634,200,1782.400075
155.216869,200,1786.495436
216.35083,200,1786.889659
121.132145,200,1787.320464
226.305257,200,1787.732686
225.141553,200,1788.12395
115.038403,200,1788.547763
228.709683,200,1788.977955
226.631865,200,1789.401717
224.358128,200,1789.822592
18.249377,200,1790.247215
224.640657,200,1794.486375
220.607372,200,1794.860279
229.49848,200,1795.296617
227.264922,200,1795.694752
229.459103,200,1797.544374
167.713396,200,1797.952519
229.39299,200,1798.444982
216.416775,200,1798.993083
133.303003,200,1799.411485
198.484473,200,1799.801601
203.389345,200,1803.916787
101.107859,200,1804.292208
120.974158,200,1804.670293
224.397778,200,1805.065174
222.435338,200,1805.461594
228.967149,200,1805.856869
224.329458,200,1806.221683
223.647037,200,1806.59972
229.368457,200,1806.995047
225.755082,200,1807.382305
226.485651,200,1811.70808
227.423658,200,1812.073274
228.567431,200,1812.490831
133.055721,200,1812.870969
229.213473,200,1813.312697
226.684783,200,1813.696117
133.491748,200,1814.110079
226.606091,200,1814.568037
219.86116,200,1814.945835
226.590716,200,1815.351833
178.152869,200,1819.58589
99.345329,200,1819.965087
227.483947,200,1820.356956
205.680441,200,1820.73582
226.612982,200,1821.121903
227.16657,200,1821.536502
222.309749,200,1821.92858
220.447213,200,1822.364239
226.624319,200,1822.912969
206.460114,200,1823.336501
182.010417,200,1823.686631
227.607874,200,1828.822927
195.751207,200,1829.188073
228.611157,200,1829.641795
222.258459,200,1830.038493
224.459654,200,1830.502745
224.567743,200,1830.923527
221.325383,200,1831.33344
227.633538,200,1831.69574
222.300796,200,1832.093046
222.41179,200,1832.489702
54.976122,200,1836.58255
226.821114,200,1836.990843
227.510319,200,1837.389101
228.513845,200,1839.431153
75.479338,200,1839.788792
224.226636,200,1840.184353
168.306445,200,1840.749383
66.015014,200,1841.173975
226.519267,200,1841.56598
226.5817,200,1841.962526
209.336386,200,1846.17144
217.89539,200,1846.626297
225.894022,200,1847.039689
228.388258,200,1847.460862
229.270877,200,1847.894889
166.961315,200,1848.348335
229.211463,200,1848.75468
104.352791,200,1849.1297
220.324728,200,1849.556355
209.330437,200,1849.92908
-62.857749,200,1854.861567
228.070303,200,1855.272437
223.951913,200,1855.682192
230.165184,200,1856.100583
214.024368,200,1856.499668
223.084413,200,1856.882379
228.622534,200,1857.291336
228.472334,200,1857.711035
224.274046,200,1858.157708
226.162825,200,1858.595491
229.483348,200,1859.023608
228.14134,200,1863.359141
218.367013,200,1863.788596
211.231484,200,1864.645443
222.416165,200,1865.116656
219.268204,200,1865.519704
224.344162,200,1865.889538
177.199775,200,1866.285147
113.634982,200,1866.681317
216.637275,200,1867.190373
226.165055,200,1867.596427
158.695595,200,1871.525041
173.040221,200,1871.912393
62.163201,200,1872.301986
216.436369,200,1872.673517
228.447254,200,1873.078661
222.500628,200,1873.482733
224.254713,200,1873.87813
95.082084,200,1874.267992
226.435426,200,1874.704533
226.250777,200,1875.078021
226.665672,200,1879.102451
34.143139,200,1879.470485
220.487175,200,1881.271806
161.602368,200,1881.657698
222.382534,200,1882.066889
223.758183,200,1882.621832
162.263541,200,1883.02467
225.369568,200,1883.398171
225.321736,200,1883.762994
227.480491,200,1884.137977
222.550975,200,1888.105557
169.573973,200,1888.518972
221.251102,200,1888.902671
226.414898,200,1889.292586
222.186368,200,1889.647292
228.730544,200,1890.02486
224.424153,200,1890.42335
222.732627,200,1890.804628
230.823738,200,1891.164009
226.356593,200,1891.566218
231.233338,200,1891.911704
230.458129,200,1895.875232
116.269325,200,1896.269396
230.260159,200,1896.657174
227.246462,200,1897.011335
223.927769,200,1897.424445
230.67406,200,1897.80667
225.606553,200,1898.187651
-62.859345,200,1898.585054
229.157144,200,1898.961139
228.137428,200,1899.345945
-77.903551,200,1903.286074
228.363699,200,1903.652017
225.77662,200,1904.025505
222.216201,200,1904.428871
203.143365,200,1904.801695
146.699589,200,1905.198308
-62.678463,200,1905.583114
170.817343,200,1905.972379
228.087122,200,1906.352378
226.562501,200,1906.757542
224.185983,200,1910.76878
224.427389,200,1911.144315
170.802897,200,1911.533786
230.070913,200,1911.896808
223.895401,200,1912.299773
229.069588,200,1912.682626
221.087401,200,1913.07466
224.958902,200,1913.460888
227.271297,200,1913.840474
231.024254,200,1914.220408
94.190333,200,1918.436261
220.319403,200,1920.42218
52.173899,200,1920.805701
209.158573,200,1921.298222
173.027329,200,1921.817731
118.879178,200,1922.220954
41.976484,200,1922.654856
228.283356,200,1923.07982
217.915537,200,1923.492644
186.466963,200,1923.870265
224.128779,200,1924.267552
224.300845,200,1928.277272
221.344906,200,1928.68566
228.343151,200,1929.062376
48.18261,200,1929.44525
227.661639,200,1929.863773
209.01244,200,1930.297483
226.728297,200,1930.70482
227.047053,200,1931.069671
222.164231,200,1931.523138
227.771972,200,1931.89213
227.475895,200,1936.902894
190.861513,200,1937.321343
222.158983,200,1937.743746
219.301446,200,1938.180771
227.526843,200,1938.642138
225.489603,200,1939.086877
221.913905,200,1939.619479
217.74454,200,1940.324457
226.163873,200,1940.795355
223.842901,200,1941.206199
225.831401,200,1945.495532
151.369992,200,1945.826833
221.931277,200,1946.17975
225.756006,200,1946.649492
229.867572,200,1947.051603
221.151518,200,1947.412038
225.472941,200,1947.760657
223.578041,200,1948.307381
225.988786,200,1948.70575
221.811682,200,1949.17003
222.134458,200,1953.549829
128.930094,200,1954.145649
227.515754,200,1954.505752
229.196526,200,1954.937471
223.625562,200,1955.345464
225.556205,200,1955.704379
227.524668,200,1956.043092
205.445827,200,1956.420996
225.686042,200,1956.776916
156.747383,200,1957.100952
174.857861,200,1959.434938
-76.149723,200,1963.59356
156.562818,200,1964.157194
47.905659,200,1964.653659
228.88955,200,1965.035548
229.428149,200,1965.460683
217.004858,200,1965.826728
174.556389,200,1966.238258
228.744646,200,1966.620451
225.046253,200,1966.940668
225.960031,200,1967.308619
229.619441,200,1971.096007
227.485426,200,1971.508179
224.870168,200,1971.923534
226.192964,200,1972.279352
227.903297,200,1972.628839
219.25872,200,1972.963464
219.061648,200,1973.369464
227.809355,200,1973.75501
229.482289,200,1974.146973
226.630261,200,1974.608188
221.316908,200,1978.822819
224.421366,200,1979.171815
228.046046,200,1979.529494
221.216757,200,1979.910327
226.504524,200,1980.347161
227.669746,200,1980.779701
-57.881959,200,1981.210085
227.724907,200,1981.568192
228.292261,200,1981.934116
178.436407,200,1982.282451
229.146794,200,1986.965674
208.872206,200,1987.578969
228.112925,200,1988.002392
210.490111,200,1988.439025
225.396988,200,1988.86368
227.207984,200,1989.280568
209.034938,200,1989.676621
206.495082,200,1990.133122
224.73947,200,1990.517083
224.938174,200,1990.893576
225.26578,200,1991.308031
217.162121,200,1995.332174
223.935623,200,1995.744771
225.585284,200,1996.142741
226.534553,200,1996.561654
227.04197,200,1996.93019
227.250605,200,1997.365581
219.540789,200,1997.728621
227.53456,200,1998.07311
227.737646,200,1999.828036
223.944913,200,2000.19834
222.768055,200,2004.627118
217.613109,200,2005.491091
221.629586,200,2005.871969
219.284736,200,2006.424593
223.142878,200,2006.892442
220.982348,200,2007.336612
218.669019,200,2007.730088
156.219096,200,2008.104568
223.908068,200,2008.461565
225.383431,200,2008.80528
226.091623,200,2012.802782
221.670473,200,2013.216659
219.544808,200,2013.622792
215.631822,200,2014.012301
223.564929,200,2014.467682
221.492291,200,2014.875246
215.404706,200,2015.213497
215.531594,200,2015.629037
221.749305,200,2016.002609
219.574829,200,2016.434159
219.547951,200,2020.576106
213.773414,200,2021.099529
204.900991,200,2021.655711
227.513959,200,2022.13968
205.29713,200,2022.580676
217.490464,200,2022.919468
228.459533,200,2023.302687
226.900472,200,2023.623646
211.548541,200,2024.00081
221.566109,200,2024.367031
225.580303,200,2028.02904
223.618869,200,2028.376617
221.247934,200,2028.689258
221.162152,200,2029.041538
223.380236,200,2029.400152
227.516289,200,2029.817918
222.913887,200,2030.221315
221.378458,200,2030.609984
225.454279,200,2031.007311
221.390044,200,2031.4018
219.625776,200,2031.815355
216.61548,200,2036.111068
227.444856,200,2036.557322
217.432426,200,2036.986186
217.26199,200,2037.447446
221.726515,200,2037.904087
227.668875,200,2038.320968
225.202215,200,2038.756971
225.702667,200,2040.63966
224.572729,200,2040.977617
223.527389,200,2041.378146
222.871437,200,2045.97969
224.5618,200,2046.448586
-51.254014,200,2046.894072
224.831776,200,2047.276713
-51.377599,200,2047.61874
210.674241,200,2048.014977
224.905503,200,2048.424244
222.625467,200,2048.83018
223.326081,200,2049.21898
223.481551,200,2049.615579
221.334041,200,2053.139362
225.498423,200,2053.510218
226.893224,200,2053.834882
226.930739,200,2054.150789
223.159864,200,2054.502861
220.964465,200,2054.856655
223.593392,200,2055.206941
223.061574,200,2055.543562
223.133831,200,2055.896286
210.956511,200,2056.203947
209.000849,200,2060.194864
225.415037,200,2060.581222
221.524401,200,2060.953716
229.241193,200,2061.427599
225.815146,200,2061.895631
223.09064,200,2062.255849
229.278708,200,2062.676747
223.470091,200,2063.027353
227.430414,200,2063.414956
224.981429,200,2063.807019
58.183306,200,2064.152997
218.850413,200,2069.029358
221.265461,200,2069.595488
217.240719,200,2070.1471
225.3066,200,2070.64869
225.314407,200,2071.150049
-61.289188,200,2071.648952
225.745581,200,2072.123172
225.350942,200,2072.595594
-51.223084,200,2073.080625
217.344959,200,2073.57589
220.776781,200,2078.479214
219.203638,200,2078.951532
221.04201,200,2079.401448
220.736895,200,2079.874625
225.653038,200,2080.370005
218.95845,200,2080.837092
219.138487,200,2083.064062
152.712359,200,2083.485252
223.190565,200,2083.970131
221.542869,200,2084.442561
217.440391,200,2089.449538
225.655058,200,2089.952288
227.697985,200,2090.40756
226.499452,200,2090.892079
223.476635,200,2091.435824
225.730341,200,2091.911435
225.253935,200,2092.433679
223.462894,200,2092.907903
223.034967,200,2093.420767
224.663367,200,2093.9311
225.321426,200,2098.919655
-59.355675,200,2099.374083
225.338945,200,2099.858493
224.641508,200,2100.360768
-63.770711,200,2100.83345
231.087919,200,2101.332236
215.471512,200,2101.820821
223.462581,200,2102.356191
228.505187,200,2102.833281
227.474959,200,2103.292869
221.437831,200,2103.79304
227.115079,200,2108.625943
228.965726,200,2109.087215
-55.478111,200,2109.533324
228.328222,200,2110.081602
229.018179,200,2111.642963
229.449148,200,2112.333165
226.633065,200,2112.912133
225.167603,200,2113.421243
225.327471,200,2113.914625
228.268264,200,2114.44266
227.353202,200,2119.057387
225.464418,200,2119.465945
225.450202,200,2119.888673
227.441636,200,2120.336248
227.479587,200,2120.760796
171.224317,200,2121.128067
224.503379,200,2121.591805
226.736353,200,2121.998328
227.251712,200,2122.438133
226.350494,200,2122.857817
226.703872,200,2126.877787
87.743536,200,2127.222996
226.483472,200,2127.630859
61.582622,200,2127.967837
224.701183,200,2128.370081
228.701796,200,2130.358992
63.556058,200,2130.735715
190.663147,200,2131.23667
225.603303,200,2131.899515
146.536406,200,2132.325134
227.598959,200,2136.346664
226.980169,200,2136.721568
229.657588,200,2137.083992
226.443214,200,2137.479772
123.908962,200,2137.828602
228.426098,200,2138.185692
227.486916,200,2138.570881
229.273471,200,2138.951699
225.62723,200,2139.375546
227.494265,200,2139.734508
229.262869,200,2140.108212
225.346762,200,2144.000712
225.784684,200,2144.418926
228.508732,200,2144.79143
228.256286,200,2145.154132
226.626111,200,2145.54065
227.616824,200,2145.896365
225.783877,200,2146.291877
227.638976,200,2146.694036
230.4286,200,2147.028689
228.571192,200,2147.378773
228.505326,200,2151.440529
227.413454,200,2151.792254
227.824663,200,2152.130967
221.535172,200,2152.521772
226.808918,200,2152.887859
226.586824,200,2153.319046
229.315378,200,2153.694204
224.581561,200,2154.133889
227.921564,200,2154.557597
226.668262,200,2154.913151
212.368918,200,2158.889678
150.362129,200,2159.340122
228.604449,200,2159.748135
226.690306,200,2160.168969
223.544157,200,2160.608171
135.797156,200,2161.010502
229.648786,200,2161.429901
227.420912,200,2161.918112
230.460411,200,2162.334885
230.588726,200,2162.699776
227.001381,200,2166.843386
227.570618,200,2167.345134
224.526638,200,2167.809363
225.602277,200,2168.353457
225.528711,200,2170.483566
224.397209,200,2171.023694
226.510749,200,2171.523414
81.806738,200,2171.989312
227.549957,200,2172.462283
-61.316971,200,2172.951
225.266236,200,2173.454197
223.430474,200,2179.425244
224.330639,200,2179.856587
228.625012,200,2180.409903
227.520973,200,2180.988925
228.566372,200,2181.433441
168.314628,200,2181.841128
228.512788,200,2182.244668
221.223553,200,2182.6474
226.563177,200,2183.011608
225.162877,200,2183.44977
129.578004,200,2188.563186
222.608519,200,2188.961247
225.369467,200,2189.365739
136.359626,200,2189.761667
227.267406,200,2190.13771
227.442253,200,2190.548902
162.658333,200,2190.923019
226.662843,200,2191.327141
225.468439,200,2191.720525
223.26736,200,2192.169911
104.084203,200,2196.394813
228.194689,200,2196.751362
227.18485,200,2197.144978
192.064491,200,2197.555393
227.315259,200,2197.91388
223.411059,200,2198.321158
223.395312,200,2198.697105
227.169585,200,2199.066129
221.191214,200,2199.469133
224.732141,200,2199.846693
126.367159,200,2203.730789
224.842257,200,2204.100861
227.338763,200,2204.562758
223.398525,200,2205.005927
88.219857,200,2205.473154
223.099817,200,2205.854457
66.701208,200,2206.254911
214.662408,200,2206.639741
227.270031,200,2206.993422
227.425825,200,2207.380898
225.262781,200,2207.757607
223.480771,200,2212.207262
223.438624,200,2212.636588
225.176218,200,2214.726703
224.603172,200,2215.112971
225.453433,200,2215.643056
189.802554,200,2216.089702
224.988759,200,2216.529199
225.045971,200,2216.920045
230.388852,200,2217.36855
227.419261,200,2217.76656
227.479709,200,2223.272917
225.142728,200,2223.667056
221.009389,200,2224.076692
225.134284,200,2224.568438
227.031994,200,2224.962717
223.34247,200,2225.465687
222.870384,200,2225.966807
223.052256,200,2226.477279
223.479533,200,2226.934092
223.461252,200,2227.624013
223.453431,200,2232.478505
224.874868,200,2232.932425
222.405373,200,2233.447846
-63.56217,200,2233.881097
221.06685,200,2234.33764
221.036402,200,2234.728236
226.492909,200,2235.161996
221.323126,200,2235.609421
225.396358,200,2236.027949
219.0221,200,2236.459203
-59.24502,200,2241.320772
224.983447,200,2241.705534
225.016113,200,2242.121613
226.941158,200,2242.568996
217.256182,200,2243.00569
222.762584,200,2243.518373
219.476656,200,2244.042779
224.954017,200,2244.492503
218.416712,200,2244.916312
223.356029,200,2245.380506
216.929485,200,2249.999542
225.31647,200,2250.482091
219.143474,200,2250.931862
219.125759,200,2251.409615
218.56718,200,2251.81277
219.102667,200,2252.246998
223.520942,200,2252.656672
220.75506,200,2253.113886
219.322485,200,2253.594887
218.832911,200,2254.081351
216.626622,200,2254.649854
216.899438,200,2258.792176
-64.656998,200,2260.726745
219.043589,200,2261.15699
221.039135,200,2261.617131
223.403664,200,2262.032364
221.063255,200,2262.48283
221.297888,200,2262.955751
225.51269,200,2263.415174
218.892691,200,2263.846488
218.926299,200,2264.271868
217.066635,200,2268.650554
220.901037,200,2269.109171
219.070765,200,2269.593032
219.018158,200,2270.01359
215.207696,200,2270.453844
221.183929,200,2270.914894
220.487373,200,2271.362129
221.248628,200,2271.812024
219.27424,200,2272.217899
218.892248,200,2272.658199
223.257813,200,2277.405473
223.081775,200,2277.840509
221.090065,200,2278.251864
218.829106,200,2278.659186
223.376877,200,2279.05749
220.999216,200,2279.524297
217.115479,200,2279.954807
221.421995,200,2280.371208
225.376312,200,2280.767432
218.599309,200,2281.131108
221.079805,200,2285.340609
221.051532,200,2285.753515
225.280031,200,2286.212676
224.416631,200,2286.739031
222.763625,200,2287.130659
220.885496,200,2287.537687
224.660462,200,2287.921319
223.058159,200,2288.484137
222.464978,200,2288.874053
222.396556,200,2289.285258
223.091463,200,2289.695176
223.0091,200,2293.972019
126.166248,200,2294.391102
221.206945,200,2294.853093
223.368187,200,2295.274008
223.254958,200,2295.677694
218.979258,200,2296.044633
216.902481,200,2296.472118
220.095187,200,2296.915606
227.480524,200,2297.365332
219.035524,200,2297.756949
222.802343,200,2303.59623
218.523447,200,2304.027289
216.858025,200,2304.505816
223.359774,200,2304.931836
225.206908,200,2305.355169
222.933534,200,2305.756838
220.921671,200,2306.148844
222.568493,200,2306.546117
224.615004,200,2306.913919
221.244544,200,2307.329759
222.966281,200,2311.62642
221.184288,200,2312.003114
225.181146,200,2312.425614
219.257169,200,2313.058662
222.713593,200,2313.540228
223.120051,200,2313.974792
222.713737,200,2314.432605
220.791192,200,2314.83037
221.340542,200,2315.243712
221.013616,200,2315.680509
53.971304,200,2321.474525
219.366917,200,2322.212345
223.354836,200,2322.778096
223.414215,200,2323.364788
223.184326,200,2323.866621
223.41319,200,2324.341364
221.291527,200,2324.734617
225.187926,200,2325.143697
221.532955,200,2325.554688
223.365046,200,2326.003092
225.203916,200,2326.424172
225.464555,200,2331.143868
221.182128,200,2331.6348
225.33606,200,2332.085927
220.82915,200,2332.511948
223.005372,200,2332.977705
222.526964,200,2333.378376
225.146611,200,2333.809243
223.122387,200,2334.187238
226.924604,200,2334.597035
226.76329,200,2335.004649
224.157331,200,2339.449132
225.282015,200,2339.875426
-60.206667,200,2340.32564
226.702089,200,2340.772167
220.889943,200,2341.205257
222.901538,200,2341.628798
96.779399,200,2342.037701
227.221265,200,2342.520965
222.635832,200,2342.952518
224.548747,200,2344.993409
227.133643,200,2349.361337
227.073507,200,2349.788377
49.784099,200,2350.258461
227.369799,200,2350.637121
224.825967,200,2351.026892
111.87559,200,2351.431671
221.053967,200,2351.806588
-60.148355,200,2352.196772
223.257869,200,2352.619605
220.974095,200,2352.984486
226.778921,200,2357.133562
220.736522,200,2357.573951
223.342622,200,2357.93769
222.848422,200,2358.36016
224.940376,200,2358.930773
227.144622,200,2359.375536
219.4042,200,2359.779058
218.834457,200,2360.197837
226.864497,200,2360.58497
225.253231,200,2360.960819
225.154571,200,2361.368364
223.351025,200,2365.66035
224.659675,200,2366.37914
223.107755,200,2367.034098
225.093059,200,2367.761855
223.019792,200,2368.161519
227.10635,200,2368.570439
222.531383,200,2368.992431
226.659663,200,2369.423626
225.076407,200,2369.810111
222.930163,200,2370.21518
225.165645,200,2374.819305
223.350115,200,2375.205673
223.080751,200,2375.59509
219.132206,200,2376.113672
223.32447,200,2376.654492
214.987947,200,2377.048175
225.221286,200,2377.467283
217.26407,200,2377.9499
225.531077,200,2378.421744
225.32698,200,2378.857121
227.4301,200,2383.2173
222.46557,200,2383.63452
219.232436,200,2384.071061
222.113393,200,2384.562858
224.464958,200,2385.033946
214.963421,200,2385.583106
225.445273,200,2386.10186
224.874621,200,2386.615204
220.230834,200,2388.946576
219.515346,200,2389.408429
217.279769,200,2393.857022
225.460023,200,2394.40771
215.12289,200,2394.852222
225.457126,200,2395.270839
223.285339,200,2395.721305
221.294778,200,2396.165586
222.31094,200,2396.605675
225.206346,200,2396.997351
221.289879,200,2397.403351
216.931497,200,2397.797217
223.082452,200,2398.190583
111.715959,200,2403.12989
225.15357,200,2403.521283
229.163372,200,2403.930915
226.447535,200,2404.32415
122.107695,200,2404.715824
229.059868,200,2405.119583
228.652728,200,2405.526531
229.095248,200,2405.906876
229.250148,200,2406.333017
225.220861,200,2406.745483
229.160324,200,2411.14122
115.750684,200,2411.558856
-53.168584,200,2411.973792
228.466291,200,2412.363755
227.384824,200,2412.772307
228.223762,200,2413.223324
226.428564,200,2413.704348
228.121753,200,2414.165909
227.380284,200,2414.841867
151.836653,200,2415.275717
229.034835,200,2420.278009
228.336007,200,2420.706759
225.402386,200,2421.153666
230.233068,200,2421.669569
229.240717,200,2422.129675
225.468469,200,2422.584571
225.437677,200,2422.976763
226.430196,200,2423.38962
226.666259,200,2423.775682
227.195411,200,2424.250292
222.847081,200,2428.325036
222.366217,200,2428.643309
228.180304,200,2428.966851
227.382675,200,2429.265311
212.389157,200,2429.533865
228.540058,200,2429.81816
229.463656,200,2430.105756
225.455069,200,2431.566427
226.972348,200,2431.96578
225.28473,200,2432.366142
226.965149,200,2432.765238
227.1538,200,2437.177846
229.293979,200,2437.606283
229.200125,200,2438.031298
225.06988,200,2438.43992
101.568788,200,2438.836061
224.903719,200,2439.2823
227.174509,200,2439.839815
231.248373,200,2440.260526
227.223841,200,2440.677869
228.317189,200,2441.06831
226.788149,200,2445.465942
227.153591,200,2445.898321
227.380242,200,2446.259324
225.325115,200,2446.684443
225.222299,200,2447.120938
224.549559,200,2447.56812
226.85018,200,2448.004132
226.053013,200,2448.39715
228.826685,200,2448.807468
226.904851,200,2449.251414
228.932983,200,2454.025753
225.120602,200,2454.392725
227.270582,200,2454.753636
187.90666,200,2455.116178
223.555002,200,2455.482934
229.204626,200,2455.813855
220.498215,200,2456.173023
229.571497,200,2456.5508
222.876149,200,2456.903116
229.325488,200,2457.262862
172.389334,200,2462.462363
181.919755,200,2462.804915
224.510507,200,2463.158921
204.700672,200,2463.542812
225.716392,200,2463.963533
225.647817,200,2464.41952
227.632637,200,2464.830863
224.696124,200,2465.20337
123.77072,200,2465.557954
223.400951,200,2465.874733
224.568092,200,2469.625517
223.574748,200,2469.993435
226.540788,200,2470.341341
196.390198,200,2470.670611
226.556685,200,2471.02153
228.739996,200,2471.38543
224.678462,200,2473.088223
224.530933,200,2473.431028
224.333156,200,2473.796197
228.684034,200,2474.139469
227.743502,200,2474.943936
206.475495,200,2479.174322
226.599663,200,2479.537168
192.315944,200,2479.891899
223.600013,200,2480.253413
222.787839,200,2480.603593
223.568247,200,2480.958831
145.894351,200,2481.327171
224.41768,200,2481.711626
225.988209,200,2482.081637
225.471271,200,2482.473863
222.438136,200,2486.432902
226.637327,200,2486.788545
225.023727,200,2487.288174
227.525525,200,2487.635693
224.518866,200,2488.243445
224.879931,200,2488.663654
225.143036,200,2489.090224
227.200828,200,2489.527002
227.339188,200,2489.956505
224.330978,200,2490.390162
221.521979,200,2494.406391
228.552207,200,2494.776938
224.457175,200,2495.115107
230.493301,200,2495.465932
230.434075,200,2495.835702
226.51104,200,2496.210377
231.060394,200,2496.611246
224.6212,200,2496.985235
226.691795,200,2497.363014
224.457051,200,2497.742159
221.316367,200,2501.655263
139.927156,200,2502.031791
226.458364,200,2502.447456
227.064995,200,2502.817653
229.04842,200,2503.202101
-74.463206,200,2503.572649
212.375112,200,2503.899621
154.068217,200,2504.261165
162.528698,200,2504.609495
226.597973,200,2504.987164
228.695513,200,2505.350737
222.802332,200,2509.18324
226.615382,200,2509.566181
228.645822,200,2509.952703
147.949514,200,2510.304714
229.540918,200,2512.014912
228.739623,200,2512.369713
227.491494,200,2512.751172
227.543997,200,2513.12986
228.290613,200,2513.520585
228.447934,200,2513.864071
230.628116,200,2517.763773
131.867301,200,2518.087956
229.169624,200,2518.432034
228.529393,200,2518.76938
228.658152,200,2519.13662
229.14544,200,2519.512181
229.109019,200,2519.891349
226.472104,200,2520.307269
227.387107,200,2520.644598
227.433042,200,2520.97561
177.814575,200,2524.941443
229.046326,200,2525.376447
228.638166,200,2525.765043
227.104888,200,2526.159207
226.545818,200,2526.54987
229.076329,200,2526.913741
226.731872,200,2527.288078
228.556227,200,2527.644884
228.710639,200,2528.035457
229.135423,200,2528.406575
231.017172,200,2532.36636
229.259643,200,2532.766533
228.310794,200,2533.128678
229.98286,200,2533.499889
229.249623,200,2533.877391
230.438636,200,2534.201505
226.520099,200,2534.571788
229.045868,200,2534.935985
229.344604,200,2535.2967
230.485825,200,2535.661107
167.840615,200,2535.997717
-73.204427,200,2539.91263
-62.612755,200,2540.243079
-59.900061,200,2540.586091
-82.731642,200,2540.908204
-81.819643,200,2541.232368
-60.10321,200,2541.584498
-73.988473,200,2541.906831
-39.053068,200,2542.241994
-50.530744,200,2542.601735
-54.796541,200,2542.962811
-78.671755,200,2546.839477
-75.085875,200,2547.161151
-86.737764,200,2547.5088
-74.02059,200,2549.292402
-77.424513,200,2549.638046
-84.98318,200,2549.971014
-54.358949,200,2550.510056
-71.874418,200,2550.919279
-56.017617,200,2551.315171
-65.698682,200,2551.660868
-83.540887,200,2555.525517
-77.764161,200,2555.895132
-81.342649,200,2556.234916
-74.650971,200,2556.596853
-77.217364,200,2556.95575
-60.625459,200,2557.273009
-74.70333,200,2557.606727
-95.420198,200,2557.940187
-67.621949,200,2558.260333
-88.802583,200,2558.613207
-57.789985,200,2562.219222
-76.012741,200,2562.57846
-62.617595,200,2562.923499
-64.016926,200,2563.262803
-103.427567,200,2563.603544
-84.096886,200,2563.929682
-55.170289,200,2564.323251
-79.560028,200,2564.678447
-78.733574,200,2564.993277
-100.351924,200,2565.303433
-60.770734,200,2565.624326
-94.660898,200,2569.299242
-79.010522,200,2569.657146
-51.696365,200,2569.993433
-87.137875,200,2570.331371
-83.49546,200,2570.646436
-59.642795,200,2570.992506
-62.838762,200,2571.358373
232.234216,200,2571.735732
-67.152848,200,2572.084736
-82.984553,200,2572.415398
-52.662599,200,2576.216331
-56.854647,200,2576.589876
-60.806276,200,2576.963743
-47.510783,200,2577.326458
-56.9362,200,2577.668317
230.439928,200,2578.048172
-57.638392,200,2578.427829
-62.916028,200,2578.798147
-50.721622,200,2579.209571
-43.731216,200,2579.580375
-65.170429,200,2583.291318
-53.836604,200,2583.648607
-60.720908,200,2585.63267
-79.925611,200,2585.971732
-63.038574,200,2586.371428
-64.461494,200,2586.766757
-61.843707,200,2587.138045
-57.625733,200,2587.494055
-61.18804,200,2587.853677
-79.541493,200,2588.180452
-80.310041,200,2591.901392
-52.954997,200,2592.243611
-49.687873,200,2592.607444
-53.580466,200,2592.949113
231.837728,200,2593.308617
-57.740343,200,2593.655773
-53.175967,200,2594.016871
-49.679446,200,2594.355255
228.928745,200,2594.694021
-51.77263,200,2595.062727
230.823219,200,2595.44553
124.450357,200,2599.188285
-45.76809,200,2599.567415
-55.263833,200,2599.88656
230.79323,200,2600.213339
-53.017936,200,2600.567519
230.58971,200,2600.941824
-54.926047,200,2601.322207
229.152672,200,2601.652105
229.246024,200,2602.026108
152.548181,200,2602.388204
70.368004,200,2606.146338
152.361514,200,2606.505395
229.090687,200,2606.877454
228.639455,200,2607.238564
227.113745,200,2607.636792
-50.115355,200,2607.996105
226.830554,200,2608.353332
229.033498,200,2608.695153
230.927904,200,2609.097197
-47.598162,200,2609.46105
30.136877,200,2613.233185
-51.451734,200,2613.583642
-60.563424,200,2613.945675
229.127745,200,2614.302626
-57.234358,200,2614.646608
-54.11883,200,2614.993599
229.018785,200,2615.37816
-59.212121,200,2615.703686
-51.745521,200,2616.02572
24.15586,200,2616.379104
-45.711943,200,2620.263956
230.535769,200,2622.009966
227.109843,200,2622.373628
228.389664,200,2622.825179
229.259438,200,2623.445588
231.244531,200,2623.85097
-33.995926,200,2624.213646
228.668563,200,2624.602649
231.159214,200,2624.928971
225.441816,200,2625.321979
158.429765,200,2625.666013
227.157201,200,2629.495694
227.460386,200,2629.902926
229.412744,200,2630.27781
229.290613,200,2630.674289
-5.944377,200,2631.033139
228.928557,200,2631.418052
229.105302,200,2631.795242
229.486051,200,2632.156651
229.312965,200,2632.525982
227.062817,200,2632.852433
229.28863,200,2636.909973
229.518837,200,2637.763782
144.350236,200,2638.353016
229.301221,200,2638.926725
229.509689,200,2639.299438
227.561406,200,2639.677109
208.358766,200,2640.044298
227.596646,200,2640.433858
174.552983,200,2640.783915
227.387173,200,2641.168818
164.449324,200,2645.235807
174.535384,200,2645.581851
227.159957,200,2645.960095
227.349882,200,2646.322177
178.452031,200,2646.667927
228.590902,200,2647.065191
227.421424,200,2647.426487
229.541757,200,2647.805604
229.321531,200,2648.173673
225.533072,200,2648.535651
225.410049,200,2652.49548
227.526631,200,2652.851614
229.142025,200,2653.19804
227.437746,200,2653.599014
227.015904,200,2653.956998
219.339275,200,2654.345709
229.132208,200,2654.693228
227.206324,200,2655.046764
227.619203,200,2655.43838
226.399562,200,2655.764812
225.597312,200,2661.301376
228.929204,200,2661.668525
225.327785,200,2662.019569
229.432699,200,2662.407795
227.259685,200,2662.790799
225.257236,200,2663.127048
227.42438,200,2663.524062
227.362817,200,2663.915419
227.441605,200,2664.298303
227.21468,200,2664.667792
229.087997,200,2665.042843
226.565128,200,2668.884126
230.138919,200,2669.240798
229.308451,200,2669.626078
120.030279,200,2669.98875
228.592135,200,2670.363539
229.432616,200,2670.735411
229.519035,200,2671.106934
229.141698,200,2671.485266
229.512685,200,2671.853092
230.445146,200,2672.201579
229.263066,200,2676.096512
227.539955,200,2676.46111
230.315366,200,2676.793389
230.315274,200,2677.130497
228.424634,200,2677.542667
228.786758,200,2677.88508
230.432342,200,2678.254325
227.603288,200,2678.760996
230.864977,200,2679.171564
229.701556,200,2679.579163
230.586589,200,2683.489195
230.67758,200,2683.829889
156.393545,200,2684.171261
229.523724,200,2684.547807
229.107083,200,2684.879225
229.427209,200,2685.243548
229.399824,200,2685.638261
198.508465,200,2686.000212
228.438605,200,2686.353721
228.427435,200,2686.726448
231.117983,200,2690.611928
230.467882,200,2690.942426
228.311643,200,2691.312898
228.885745,200,2691.647844
230.415785,200,2691.991322
229.658701,200,2692.35626
230.578411,200,2692.700485
226.634757,200,2693.029801
228.299135,200,2693.402713
231.150654,200,2695.041792
229.246459,200,2695.410725
228.582065,200,2699.457674
180.237954,200,2699.825572
-33.560799,200,2700.184543
226.834786,200,2700.558384
229.56896,200,2700.933903
229.171145,200,2701.314475
231.081627,200,2701.65099
230.595045,200,2702.022592
227.348902,200,2702.430103
220.021999,200,2702.762471
229.336535,200,2707.627537
230.77924,200,2708.115137
231.173281,200,2708.597349
230.393091,200,2709.017687
229.50215,200,2709.449624
231.211561,200,2709.813293
231.426094,200,2710.193698
228.290448,200,2710.543149
231.082922,200,2710.955402
229.237101,200,2711.375228
226.498527,200,2715.399308
229.651916,200,2715.733663
228.703307,200,2716.102687
228.626949,200,2716.514474
230.416921,200,2716.884276
228.814654,200,2717.246802
231.286583,200,2717.59628
228.629706,200,2717.98768
229.482759,200,2718.389729
229.306592,200,2718.746475
229.796309,200,2722.631429
219.281642,200,2722.956316
226.595225,200,2723.338629
229.497896,200,2723.713232
230.538936,200,2724.056301
168.353069,200,2724.434353
230.699941,200,2724.773738
229.414314,200,2725.107795
-17.495434,200,2725.459858
228.727778,200,2725.803151
229.367921,200,2726.137515
229.243502,200,2730.055771
229.450791,200,2730.420157
229.513341,200,2730.770662
227.610713,200,2731.120715
231.559928,200,2731.509172
227.503433,200,2731.844286
230.832312,200,2732.187746
228.398192,200,2733.953693
229.688625,200,2734.313831
229.401578,200,2734.655238
226.533051,200,2739.52892
-41.192041,200,2739.986809
144.077364,200,2740.473569
227.344128,200,2740.969697
230.602038,200,2741.457808
231.297766,200,2741.93075
229.321053,200,2742.377942
229.568634,200,2742.835077
-39.659758,200,2743.309644
230.54268,200,2743.78421
216.710703,200,2748.833407
229.481202,200,2749.338204
227.276643,200,2749.786944
230.384028,200,2750.260113
231.525097,200,2750.743524
217.239866,200,2751.201174
228.775733,200,2751.690091
228.829928,200,2752.164493
218.674402,200,2752.634629
75.64875,200,2753.121566
228.65463,200,2758.105627
221.53171,200,2758.572714
229.006274,200,2759.026456
227.201702,200,2759.478477
204.554164,200,2759.923158
230.603726,200,2760.39908
212.490484,200,2760.890046
225.490827,200,2761.317101
229.60993,200,2761.768537
229.073817,200,2762.209293
227.579078,200,2762.682718
229.231494,200,2767.76407
229.629183,200,2768.289545
206.215305,200,2768.834844
227.586325,200,2769.367444
227.594666,200,2769.827226
188.455981,200,2770.268051
229.550939,200,2770.738455
148.600464,200,2771.161248
229.156064,200,2771.663409
229.697299,200,2772.131094
172.687054,200,2777.428886
194.637021,200,2777.865305
211.50834,200,2778.331723
158.638447,200,2778.792464
227.490065,200,2779.296415
195.447298,200,2779.757304
211.642908,200,2782.420816
225.750805,200,2782.915124
217.540242,200,2783.368397
221.706764,200,2783.84609
225.446463,200,2789.286308
229.586208,200,2789.807342
227.427036,200,2790.2508
222.365587,200,2790.718019
146.521983,200,2791.203736
142.370675,200,2791.646533
130.467887,200,2792.223372
215.62243,200,2792.774876
227.358203,200,2793.345791
206.582012,200,2793.845456
172.465814,200,2798.828702
158.485945,200,2799.299259
217.600496,200,2799.744147
227.434292,200,2800.187533
226.893537,200,2800.649193
227.372039,200,2801.127948
223.438714,200,2801.564254
228.869521,200,2802.074327
227.51329,200,2802.537117
226.957635,200,2803.038218
134.39699,200,2803.494596
215.363211,200,2808.308329
226.657671,200,2808.7327
198.052031,200,2809.226356
227.235147,200,2809.72904
227.633761,200,2810.165367
226.579037,200,2810.658886
227.058623,200,2811.143843
227.333463,200,2811.600919
227.284141,200,2812.046007
225.43423,200,2812.502126
228.665109,200,2817.330436
154.140037,200,2817.793674
227.553546,200,2818.248222
116.025533,200,2818.69832
134.404677,200,2819.15457
219.56958,200,2819.665144
229.131799,200,2820.122354
158.458222,200,2820.576508
126.364355,200,2821.076007
166.469401,200,2821.507109
158.174855,200,2826.531253
170.396387,200,2826.994164
118.209909,200,2827.42326
227.507984,200,2827.867528
227.140338,200,2828.322331
121.950492,200,2830.515763
229.292204,200,2831.019662
229.099806,200,2831.555711
228.378955,200,2832.081974
227.565276,200,2832.558224
174.208325,200,2837.315124
231.236513,200,2837.76558
229.308358,200,2838.187603
225.423277,200,2838.64355
229.468561,200,2839.125947
229.229836,200,2839.589694
226.849925,200,2840.017642
227.192226,200,2840.4864
227.21638,200,2840.935292
227.154591,200,2841.379736
22.333683,200,2841.82817
209.466001,200,2846.533806
178.416449,200,2847.008941
196.114353,200,2847.485495
229.173121,200,2847.946803
227.160092,200,2848.417419
229.385834,200,2848.912785
229.151066,200,2849.375121
227.541394,200,2849.835667
228.758885,200,2850.285407
227.484973,200,2850.763511
230.424421,200,2855.826019
226.68235,200,2856.267758
-31.814291,200,2856.758688
188.325312,200,2857.208317
228.777576,200,2857.675978
223.635798,200,2858.087473
228.792628,200,2858.524963
229.146716,200,2858.969341
228.737977,200,2859.423398
223.353569,200,2859.868455
160.301186,200,2864.71888
225.631772,200,2865.168807
217.312515,200,2865.622288
210.564661,200,2866.097323
192.209486,200,2866.568965
200.486969,200,2867.027926
206.533643,200,2867.514414
205.365629,200,2867.932328
224.063202,200,2868.41406
228.854565,200,2868.846936
229.251828,200,2873.624578
229.42907,200,2874.087539
199.497813,200,2874.541755
227.362023,200,2874.977981
228.948234,200,2877.146984
221.411596,200,2877.633167
229.072367,200,2878.167158
223.425357,200,2878.689793
227.579623,200,2879.116936
229.006158,200,2879.569012
203.297193,200,2884.47673
228.961876,200,2884.916968
227.20871,200,2885.361634
227.432872,200,2886.010891
227.341344,200,2886.725535
-52.246576,200,2887.337342
227.014425,200,2887.816694
229.055308,200,2888.307423
229.245355,200,2888.816736
229.252088,200,2889.241918
227.012123,200,2889.736016
229.010258,200,2894.536096
228.772989,200,2894.969091
228.52524,200,2895.424819
134.059226,200,2895.844407
227.410147,200,2896.285557
229.277245,200,2896.706482
227.116312,200,2897.149151
225.289777,200,2897.6092
226.903405,200,2898.118584
229.290265,200,2898.547866
229.400348,200,2903.372271
229.336314,200,2903.811812
226.972462,200,2904.306832
229.323575,200,2904.726077
227.207595,200,2905.144753
227.334505,200,2905.58661
216.470818,200,2906.026546
227.591717,200,2906.52741
227.482213,200,2906.943101
229.320058,200,2907.406959
227.435851,200,2912.047315
227.440356,200,2912.496423
227.213464,200,2912.908568
229.457677,200,2913.345826
226.693191,200,2913.783797
168.443477,200,2914.284326
225.275833,200,2914.759028
160.63292,200,2915.230866
218.489397,200,2915.677997
223.157433,200,2916.167263
227.285968,200,2920.873436
182.214744,200,2921.309196
228.887467,200,2921.794634
228.898307,200,2924.002884
227.372148,200,2924.470235
226.75117,200,2924.963301
229.354319,200,2925.426386
228.583625,200,2925.867026
227.346227,200,2926.345155
229.356902,200,2926.805933
156.422965,200,2927.264859
228.492609,200,2932.133694
214.432867,200,2932.59278
227.162369,200,2933.032027
227.316293,200,2933.470001
227.079798,200,2933.936788
227.03209,200,2934.378091
226.862556,200,2934.826701
229.261244,200,2935.299049
229.521421,200,2935.735904
226.296481,200,2936.149522
228.421962,200,2940.881839
229.117372,200,2941.349009
228.858136,200,2941.783502
228.172415,200,2942.236513
150.580539,200,2942.687655
228.937182,200,2943.144967
228.473976,200,2943.579539
227.2732,200,2944.011975
144.692759,200,2944.509753
229.19634,200,2944.972652
229.038528,200,2949.740682
228.947165,200,2950.209274
-60.165547,200,2950.654748
228.825541,200,2951.099985
226.64284,200,2951.568233
229.106101,200,2952.001271
228.815343,200,2952.459277
132.546412,200,2952.869126
227.017911,200,2953.339162
229.124263,200,2953.787044
226.777596,200,2958.553119
229.284522,200,2959.00173
229.146339,200,2959.45371
-35.70448,200,2959.906898
200.232618,200,2960.333833
228.982915,200,2960.766145
228.930663,200,2961.206628
228.90091,200,2961.631188
176.462449,200,2962.098184
229.086844,200,2962.543085
116.589222,200,2963.019535
229.402991,200,2967.652294
210.187315,200,2969.877614
227.018554,200,2970.33897
220.835225,200,2970.781113
229.067183,200,2971.246045
227.402328,200,2971.691451
154.44066,200,2972.144049
229.360087,200,2972.582394
182.247336,200,2973.01822
226.922516,200,2973.45467
184.177148,200,2978.234421
212.51928,200,2978.6732
227.305039,200,2979.179595
229.245851,200,2979.645617
229.444543,200,2980.102752
229.196687,200,2980.549997
227.317286,200,2980.999681
227.189443,200,2981.443557
227.358349,200,2981.964562
227.302089,200,2982.455202
184.348218,200,2987.252485
216.554333,200,2987.74791
184.143916,200,2988.192505
206.399275,200,2988.633545
188.392187,200,2989.080502
229.368524,200,2989.496413
218.455965,200,2989.982323
229.402276,200,2990.423249
165.99384,200,2990.852253
229.219294,200,2991.296247
200.298449,200,2996.071283
228.142801,200,2996.492994
227.859838,200,2996.993465
206.325305,200,2997.473748
229.329295,200,2997.926714
74.52593,200,2998.394909
204.174381,200,2998.860863
228.342571,200,2999.28844
229.155187,200,2999.710312
229.196172,200,3000.143104
127.80261,200,3000.611556
228.430814,200,3005.358617
200.65083,200,3005.800057
229.422804,200,3006.2854
229.160859,200,3006.741917
200.386267,200,3007.204096
227.537994,200,3008.004531
228.195416,200,3009.776954
200.569847,200,3010.138592
192.260059,200,3010.407534
228.422282,200,3010.70578
229.378099,200,3014.426832
206.925213,200,3014.737783
227.374934,200,3015.040351
229.386938,200,3015.286018
158.839393,200,3015.521479
138.715141,200,3015.745507
229.188605,200,3015.960186
229.163379,200,3016.184782
228.473677,200,3016.410182
228.587324,200,3016.611796
228.365861,200,3019.07489
229.223885,200,3019.291288
188.475575,200,3019.524567
229.14103,200,3019.76959
-19.692537,200,3019.96809
229.277146,200,3020.199453
228.32537,200,3020.447537
231.414254,200,3020.699925
229.020205,200,3020.950521
8.498946,200,3021.162977
228.623306,200,3023.820434
228.52721,200,3024.060926
230.497034,200,3024.331766
229.268087,200,3024.593196
229.627307,200,3024.864059
228.379431,200,3025.104013
226.531453,200,3025.382016
228.691951,200,3025.60096
184.409577,200,3025.878772
228.405587,200,3026.149594
229.043358,200,3026.372174
226.466545,200,3028.973977
227.472685,200,3029.228884
228.752768,200,3029.510764
229.025833,200,3029.789031
228.124202,200,3030.007283
228.539045,200,3030.246374
207.571755,200,3030.494359
229.394944,200,3030.838866
227.639813,200,3031.07904
228.352444,200,3031.308751
228.550736,200,3034.874427
227.625167,200,3035.177023
227.357378,200,3035.45764
228.617327,200,3035.775829
146.229164,200,3036.042557
228.972589,200,3036.336476
228.490442,200,3036.638038
227.363835,200,3036.943551
229.418618,200,3037.231656
226.771356,200,3038.716123
227.482321,200,3042.299108
226.647531,200,3042.57673
226.75095,200,3042.86643
228.536131,200,3043.139425
226.557285,200,3043.428404
228.712125,200,3043.76008
174.393492,200,3044.06475
227.571803,200,3044.355567
227.313982,200,3044.628797
229.604648,200,3044.915544
227.382371,200,3048.141645
226.74817,200,3048.425346
227.61837,200,3048.738047
226.543305,200,3049.046641
226.301882,200,3049.35772
227.056237,200,3049.6594
226.790945,200,3049.931683
229.413698,200,3050.192589
229.349137,200,3050.496735
227.433044,200,3050.799918
229.543836,200,3051.072102
23.768013,200,3054.33399
229.419637,200,3054.59753
229.121535,200,3054.89796
229.47089,200,3055.190111
226.724281,200,3055.467719
227.557345,200,3055.766596
220.929743,200,3056.039706
228.453754,200,3056.30746
229.4543,200,3056.562926
228.493072,200,3056.854843
228.872309,200,3060.005827
218.481718,200,3060.255997
200.81376,200,3060.538477
226.649622,200,3060.842087
227.355092,200,3061.095298
227.905425,200,3061.34085
228.579548,200,3061.612789
216.898753,200,3061.901701
227.262611,200,3062.19541
227.592193,200,3062.455728
227.204766,200,3065.695428
227.449501,200,3066.018057
227.313157,200,3066.311563
227.622087,200,3066.597837
152.543498,200,3067.04276
227.488045,200,3067.459262
212.89592,200,3067.821179
228.992025,200,3068.678084
216.419409,200,3070.433287
227.640706,200,3070.733099
229.500554,200,3073.9434
-68.095691,200,3074.215989
228.865394,200,3074.461044
230.014307,200,3074.938519
226.64676,200,3075.311597
227.475772,200,3075.603088
228.648926,200,3075.930193
228.84602,200,3076.231856
-31.150955,200,3076.498416
229.732328,200,3076.766897
214.965849,200,3079.906349
227.24554,200,3080.210443
230.065469,200,3080.468586
227.404402,200,3080.751892
229.556333,200,3081.02407
229.598413,200,3081.289539
229.378194,200,3081.546044
227.793931,200,3081.875487
229.801681,200,3082.152847
220.852733,200,3082.402051
229.070684,200,3082.691726
210.872095,200,3085.700251
226.741577,200,3085.986514
226.687099,200,3086.280791
227.707716,200,3086.56274
206.455812,200,3086.851612
228.069666,200,3087.116279
229.682358,200,3087.549599
158.376982,200,3087.921433
229.097273,200,3088.222276
226.045345,200,3088.539422
226.93353,200,3091.718918
228.711455,200,3092.009274
226.654201,200,3092.318411
227.833646,200,3092.561095
227.785203,200,3092.854524
226.833739,200,3093.195091
228.987411,200,3093.499412
229.790604,200,3093.762522
218.820421,200,3094.027336
228.077761,200,3094.286988
227.604651,200,3097.445823
229.68197,200,3097.78136
229.827875,200,3098.122438
218.88695,200,3098.432052
225.001304,200,3098.756368
229.787704,200,3099.081182
227.111841,200,3099.389088
227.222373,200,3100.740757
227.542639,200,3101.013459
227.316954,200,3101.288946
226.923838,200,3105.085852
227.668605,200,3105.366457
227.873404,200,3105.655928
227.467521,200,3105.939094
-76.027947,200,3106.181149
229.634812,200,3106.490736
182.948517,200,3106.801653
227.506016,200,3107.048265
229.740058,200,3107.34504
200.702056,200,3107.650797
209.03456,200,3108.00942
227.879716,200,3111.321734
226.275913,200,3111.606405
124.128668,200,3111.88067
222.822894,200,3112.156832
226.744664,200,3112.447724
227.007305,200,3112.72941
152.366204,200,3113.048353
227.553324,200,3113.332297
229.469842,200,3113.629561
227.260237,200,3113.898437
227.738692,200,3116.98487
227.552276,200,3117.248623
227.440644,200,3117.513217
227.440462,200,3117.801923
229.380438,200,3118.073509
226.869869,200,3118.358874
225.222562,200,3118.610974
227.516064,200,3118.907591
196.493102,200,3119.167014
227.769648,200,3119.422872
228.558341,200,3122.569784
226.634983,200,3122.83481
226.769938,200,3123.079489
227.857028,200,3123.345147
227.192344,200,3123.62069
229.135156,200,3123.876605
172.455739,200,3124.131646
229.600915,200,3124.397478
227.668282,200,3124.670154
227.562657,200,3124.941435
226.368215,200,3128.078454
226.405461,200,3128.349039
226.692368,200,3128.616792
226.740771,200,3128.886988
229.603622,200,3129.146864
225.299677,200,3129.424931
226.734184,200,3130.660866
90.69024,200,3130.895765
227.556405,200,3131.141719
228.018728,200,3131.397654
227.097982,200,3131.824178
225.589621,200,3135.161404
227.512729,200,3135.414759
227.641963,200,3135.70793
226.432359,200,3135.983587
225.021734,200,3136.266753
226.51812,200,3136.566328
228.875961,200,3136.871761
218.683998,200,3137.166584
226.885966,200,3137.440395
229.444972,200,3137.719363
227.211475,200,3140.834848
229.606937,200,3141.09287
226.610455,200,3141.371473
227.472129,200,3141.647414
227.757515,200,3141.935776
227.46437,200,3142.199488
226.824091,200,3142.438557
228.99001,200,3142.719734
227.655112,200,3142.993513
226.885556,200,3143.24193
227.686898,200,3146.404149
225.804737,200,3146.682403
227.883773,200,3146.935512
227.625535,200,3147.209785
227.688807,200,3147.46861
227.45879,200,3147.752199
226.68266,200,3148.023868
227.062005,200,3148.311364
227.256757,200,3148.596715
227.506653,200,3148.875283
229.28092,200,3152.222113
226.869186,200,3152.567559
227.238647,200,3152.893201
227.668787,200,3153.174912
227.143957,200,3153.473578
76.730573,200,3153.769615
227.626945,200,3154.091728
227.580837,200,3154.37875
224.77013,200,3154.644316
227.622634,200,3154.910076
88.809323,200,3155.156561
229.339586,200,3158.212567
226.695634,200,3158.504903
225.586693,200,3158.830508
228.552949,200,3159.094745
227.686713,200,3161.160255
229.452261,200,3161.677366
227.052574,200,3162.101645
227.691616,200,3162.586258
227.597981,200,3163.091136
225.895793,200,3163.522573
224.879511,200,3168.193647
227.436794,200,3168.642691
204.850045,200,3168.984091
224.908073,200,3169.403103
225.440197,200,3169.742367
227.429997,200,3170.149574
225.627589,200,3170.789666
225.58334,200,3171.160587
227.406389,200,3171.513325
225.386093,200,3171.845251
227.897149,200,3175.033342
227.549766,200,3175.322894
227.195268,200,3175.636385
227.547518,200,3175.933029
-11.777121,200,3176.242487
228.856778,200,3176.479899
227.275811,200,3176.799204
227.983338,200,3177.05382
227.66285,200,3177.313206
227.223605,200,3177.583884
227.379849,200,3180.70446
225.837329,200,3181.009454
226.950191,200,3181.304865
226.727101,200,3181.554622
225.269482,200,3181.846394
227.176652,200,3182.107726
227.518347,200,3182.3829
225.784931,200,3182.693394
228.102055,200,3182.965227
229.643327,200,3183.255954
227.410442,200,3183.580448
227.938547,200,3187.583977
226.695417,200,3187.907442
225.472752,200,3188.186629
227.135731,200,3188.48819
224.741064,200,3188.848796
227.32507,200,3189.161453
225.278463,200,3189.437759
227.6327,200,3189.7595
227.41958,200,3190.052712
225.927483,200,3190.326328
227.443615,200,3193.748974
225.897757,200,3194.037181
225.492655,200,3194.334828
225.670203,200,3195.818028
225.427008,200,3196.1094
227.443665,200,3196.432461
227.848748,200,3196.98149
227.405424,200,3197.383434
225.715154,200,3197.709312
223.619142,200,3198.015492
227.449937,200,3201.438385
229.148307,200,3201.771045
227.279148,200,3202.080719
227.81014,200,3202.45893
226.713543,200,3202.856207
227.415251,200,3203.15605
227.663922,200,3203.499113
228.014719,200,3203.872315
229.756684,200,3204.193
227.731672,200,3204.545144
227.474481,200,3208.251062
225.763615,200,3208.533663
227.187297,200,3208.848656
229.340622,200,3209.148863
228.600183,200,3209.4286
227.906186,200,3209.714652
227.382574,200,3210.004644
180.600444,200,3210.304948
227.595542,200,3210.632889
227.264317,200,3210.992877
227.663367,200,3211.30739
229.216672,200,3215.791376
227.247683,200,3216.131264
229.425537,200,3216.489436
229.656468,200,3216.823748
225.596855,200,3217.171874
227.702237,200,3217.508155
227.572608,200,3217.846886
227.594982,200,3218.150432
227.548448,200,3218.431272
225.337126,200,3218.732816
227.678557,200,3223.819196
222.918818,200,3224.197721
227.657954,200,3224.588199
-64.176714,200,3225.003799
227.296998,200,3225.41814
227.783577,200,3225.834769
227.680772,200,3226.170929
227.270336,200,3226.466193
230.137007,200,3226.766081
227.890554,200,3227.033663
212.276234,200,3230.335366
227.984817,200,3230.626367
227.746509,200,3232.084365
227.583195,200,3232.386573
229.634277,200,3232.707801
228.904956,200,3233.157177
227.765597,200,3233.599982
227.68449,200,3233.976803
227.501638,200,3234.310788
229.47149,200,3234.630428
229.391073,200,3237.957777
225.702641,200,3238.236232
227.23877,200,3238.569225
227.345864,200,3238.913261
227.695849,200,3239.217427
227.603717,200,3239.520967
223.640263,200,3239.903224
225.788521,200,3240.230753
215.030466,200,3240.548884
227.845193,200,3240.875959
229.677114,200,3244.252944
224.870778,200,3244.549231
229.456689,200,3244.850389
227.086973,200,3245.133447
226.967929,200,3245.407735
225.436938,200,3245.728254
226.939014,200,3246.002291
229.266187,200,3246.324009
227.753576,200,3246.642263
227.518981,200,3246.955493
38.14534,200,3247.353045
227.892073,200,3251.556968
225.413204,200,3251.884719
-66.464006,200,3252.189231
229.562817,200,3252.484026
229.473569,200,3252.922541
225.478897,200,3253.256038
226.988839,200,3253.569201
227.074881,200,3253.862419
226.861205,200,3254.172883
227.818314,200,3254.482142
227.723217,200,3258.243633
227.467651,200,3258.541733
224.882647,200,3258.872806
227.565196,200,3259.145541
227.652419,200,3259.432647
227.598718,200,3259.729163
225.411177,200,3260.024015
229.787143,200,3260.319653
229.296057,200,3260.586875
227.813581,200,3260.892159
229.390643,200,3264.091305
227.531836,200,3265.488084
227.734078,200,3265.784712
225.81171,200,3266.0508
225.473963,200,3266.325051
225.612188,200,3266.821589
226.136903,200,3267.167119
228.021027,200,3267.439668
227.518419,200,3267.737103
225.366658,200,3268.016634
216.041585,200,3271.169336
229.660632,200,3271.441154
229.282158,200,3271.723298
227.167151,200,3272.018587
227.057088,200,3272.300459
227.471493,200,3272.558938
225.859065,200,3272.826499
227.699704,200,3273.098439
225.759981,200,3273.372997
227.380287,200,3273.667325
225.685386,200,3273.917937
227.770824,200,3277.128927
227.557219,200,3277.408337
229.646846,200,3277.706675
225.737204,200,3277.986226
227.894153,200,3278.275546
227.691924,200,3278.5711
227.93929,200,3278.861565
227.800559,200,3279.15261
225.612616,200,3279.448717
227.651229,200,3279.706718
227.22107,200,3282.884019
228.078637,200,3283.157167
227.605137,200,3283.43576
206.870193,200,3283.753684
227.805989,200,3284.032565
227.834342,200,3284.288474
227.672612,200,3284.575861
227.349691,200,3284.843347
228.194247,200,3285.108628
227.983089,200,3285.397245
227.640012,200,3288.755519
225.827394,200,3289.067848
229.481423,200,3289.37704
229.857457,200,3289.687753
229.727996,200,3290.040414
228.067295,200,3290.308984
225.255416,200,3290.639513
227.532157,200,3290.937728
228.237927,200,3291.230797
227.718489,200,3291.528475
225.530107,200,3296.061102
227.553019,200,3296.335082
227.511315,200,3296.610707
225.929299,200,3296.864941
227.79883,200,3297.13733
227.734299,200,3297.419363
176.819649,200,3297.692224
227.822178,200,3297.97267
227.663933,200,3298.252721
227.156084,200,3298.518894
225.217224,200,3298.77984
227.691289,200,3301.855992
226.837975,200,3302.149901
227.58344,200,3302.408276
227.495667,200,3302.687926
227.750554,200,3302.95692
229.565762,200,3303.227819
199.211226,200,3303.485671
227.260981,200,3303.783117
226.926373,200,3304.042616
227.507577,200,3304.304146
227.803166,200,3307.498884
227.740722,200,3307.838863
229.384016,200,3308.174565
229.606945,200,3308.499054
227.74312,200,3308.842013
228.006044,200,3309.132153
227.496489,200,3309.412405
227.424383,200,3309.722209
229.962958,200,3309.983167
225.919594,200,3310.256067
225.664861,200,3313.338454
227.50922,200,3313.615926
229.68041,200,3313.884535
21.533602,200,3314.154367
227.536656,200,3314.414119
227.684923,200,3314.687068
227.821684,200,3314.931617
227.787469,200,3315.199154
227.448789,200,3315.477505
227.420185,200,3315.748559
199.21725,200,3318.840354
225.182276,200,3319.139367
228.123453,200,3319.393723
227.777167,200,3319.673571
227.390578,200,3319.958662
227.364088,200,3320.240395
227.392979,200,3320.515758
229.674641,200,3320.834112
227.917224,200,3321.208376
223.035909,200,3322.643818
227.817359,200,3322.968743
